hunt_id,creature,killed
24692,Adept of the Cult,235
24692,Enlightened of the Cult,137
24692,Acolyte of the Cult,87
24692,Novice of the Cult,24
24692,Serpent Spawn,10
2884,Nightmare Scion,298
2884,Undead Gladiator,236
2884,Ogre Brute,1
2884,Nightmare,1
29463,Earth Elemental,419
29463,Clay Guardian,375
29463,Mutated Rat,218
29463,Crystalcrusher,121
29463,Bonebeast,34
29463,Mutated Bat,3
29463,Ancient Scarab,2
29500,Earth Elemental,361
29500,Clay Guardian,315
29500,Mutated Rat,189
29500,Crystalcrusher,106
29500,Bonebeast,33
29500,Mutated Bat,7
29576,Earth Elemental,339
29576,Clay Guardian,302
29576,Mutated Rat,175
29576,Crystalcrusher,102
29576,Bonebeast,35
29576,Mutated Bat,11
29641,Earth Elemental,259
29641,Clay Guardian,225
29641,Mutated Rat,127
29641,Crystalcrusher,78
29641,Bonebeast,29
29641,Mutated Bat,26
29641,Ancient Scarab,7
29651,Vicious Squire,89
29651,Hero,87
29651,Renegade Knight,44
29651,Vile Grandmaster,18
29651,Lich,5
29651,Wyvern,2
29651,Poacher,2
29651,Wolf,1
29679,Dark Faun,211
29679,Twisted Pooka,185
29679,Boogy,79
29732,Vicious Squire,202
29732,Hero,168
29732,Renegade Knight,82
29732,Vile Grandmaster,31
29732,Bonebeast,10
29732,Lich,9
29732,Skeleton,1
29732,Ghoul,1
29859,Dark Faun,285
29859,Twisted Pooka,247
29859,Boogy,117
30000,Dark Faun,662
30000,Twisted Pooka,581
30000,Boogy,279
30000,Faun,5
36270,Fury,75
36271,Ancient Scarab,467
36271,Scarab,431
36271,Bonebeast,315
36271,Larva,63
36271,Mummy,35
36271,Necromancer,24
36271,Nomad,18
36271,Dromedary,4
36271,Sandcrawler,2
36271,Bat,2
52279,Crypt Warrior,433
52560,Vampire,74
52560,Necromancer,70
52560,Bonebeast,68
52560,Demon Skeleton,31
52560,Vampire Bride,13
52560,Vampire Viscount,11
52572,Giant Spider,261
52572,Tarantula,115
52667,Giant Spider,291
52667,Tarantula,128
52773,Water Elemental,197
52773,Quara Mantassin Scout,40
52823,Quara Mantassin Scout,19
52823,Quara Mantassin,19
52823,Quara Pincher Scout,18
52823,Quara Constrictor,16
52823,Quara Hydromancer,15
52823,Quara Predator Scout,14
52823,Quara Pincher,14
52823,Quara Constrictor Scout,12
52823,Quara Predator,6
52823,Quara Hydromancer Scout,6
53124,Bog Raider,148
53124,Death Blob,33
53124,Nightmare Scion,32
53124,Nightmare,17
53124,Mutated Tiger,10
53124,Acid Blob,1
57092,Norcferatu Heartless,90
57092,Norcferatu Nightweaver,88
57092,Varg,63
57092,Orclops Bloodbreaker,16
57092,Gloom Maw,11
57092,Tarantula,4
57092,Dworc Shadowstalker,2
7709,Acolyte of the Cult,220
7709,Adept of the Cult,218
7709,Novice of the Cult,90
7709,Enlightened of the Cult,33
7885,Acolyte of the Cult,431
7885,Adept of the Cult,351
7885,Novice of the Cult,215
7885,Enlightened of the Cult,37
7991,Acolyte of the Cult,225
7991,Adept of the Cult,209
7991,Novice of the Cult,106
7991,Enlightened of the Cult,28
8019,Acolyte of the Cult,575
8019,Adept of the Cult,399
8019,Novice of the Cult,314
8019,Enlightened of the Cult,33
8063,Adept of the Cult,245
8063,Acolyte of the Cult,238
8063,Novice of the Cult,77
8063,Enlightened of the Cult,30
8186,Ghoul,561
8186,Mummy,366
8186,Skeleton,328
8186,Crypt Shambler,263
8186,Demon Skeleton,237
8186,Gargoyle,135
8186,Acolyte of the Cult,37
8186,Blue Djinn,32
8186,Novice of the Cult,26
8186,Adept of the Cult,17
8186,Vampire,6
8186,Bat,1
8259,Ghoul,625
8259,Mummy,437
8259,Skeleton,363
8259,Crypt Shambler,311
8259,Demon Skeleton,270
8259,Gargoyle,154
8259,Blue Djinn,36
8259,Vampire,4
8259,Bonebeast,2
1109,Cult Believer,157
1109,Vicious Squire,120
1109,Renegade Knight,93
1109,Cult Enforcer,62
1109,Vile Grandmaster,52
2394,Barkless Devotee,241
2394,Barkless Fanatic,195
24526,Wyrm,214
24985,Exotic Bat,114
24985,Exotic Cave Spider,48
27200,Exotic Bat,140
27200,Exotic Cave Spider,55
28023,Pirat Cutthroat,90
28023,Pirat Mate,68
28023,Pirat Scoundrel,48
28023,Pirat Bombardier,45
28097,Weakened Frazzlemaw,359
28097,Enfeebled Silencer,212
28098,Ravenous Lava Lurker,105
28101,Glooth Blob,137
28101,Rot Elemental,127
28101,Blood Beast,106
28101,Quara Predator Scout,85
28101,Quara Pincher Scout,77
28101,Quara Hydromancer Scout,74
28101,Devourer,72
28101,Quara Constrictor Scout,67
28952,Lizard Chosen,454
28973,Dragon Hatchling,102
28973,Dragon,21
29000,Dworc Venomsniper,253
29000,Dworc Fleshhunter,217
29000,Dworc Voodoomaster,70
29000,Centipede,35
29000,Crypt Shambler,16
29000,Spit Nettle,1
29002,Pixie,115
29002,Nymph,67
29002,Pooka,49
29002,Twisted Pooka,32
29002,Faun,24
29002,Dark Faun,17
29002,Swan Maiden,15
29002,Boogy,13
29002,Wisp,7
29013,Exotic Bat,674
29013,Exotic Cave Spider,317
29183,Vampire Bride,45
29183,Vampire Viscount,42
29183,Vampire,35
29183,Snake,10
29417,Exotic Bat,233
29417,Exotic Cave Spider,74
29458,Vampire Bride,193
29458,Vampire Viscount,192
29458,Vampire,143
29458,Wyvern,24
29458,Ghoul,13
29458,Skeleton Warrior,10
29458,Wolf,6
29458,Snake,2
29458,Bat,2
29458,Wisp,1
29458,Fox,1
29458,Bonebeast,1
29965,Werehyaena,756
29965,Werehyaena Shaman,267
30044,Dark Faun,679
30044,Twisted Pooka,604
30044,Boogy,300
30044,Faun,5
30149,Werehyaena,264
30149,Werehyaena Shaman,91
30150,Rustheap Golem,68
30150,Glooth Golem,58
30150,Devourer,58
30150,Rot Elemental,38
30153,Rustheap Golem,164
30153,Glooth Golem,149
30153,Devourer,140
30153,Rot Elemental,82
30155,Rustheap Golem,174
30155,Glooth Golem,147
30155,Devourer,109
30155,Rot Elemental,80
30160,Rustheap Golem,171
30160,Glooth Golem,136
30160,Devourer,121
30160,Rot Elemental,85
31405,Werehyaena,48
31418,Yielothax,168
31418,Gnarlhound,1
31920,Yielothax,103
31920,Gnarlhound,1
32482,Werehyaena,64
32487,Yielothax,117
32487,Sandcrawler,2
32487,Gnarlhound,1
32499,Lamassu,23
32499,Sphinx,20
32499,Sandcrawler,10
32499,Cobra,6
32499,Crocodile,5
32499,Scorpion,1
32499,Crab,1
33108,Exotic Bat,78
33108,Exotic Cave Spider,28
33187,Werehyaena,42
33187,Werehyaena Shaman,2
33193,Lizard Chosen,62
33193,Ghastly Dragon,32
33193,Mutated Bat,3
33193,Death Blob,2
33193,Mutated Tiger,1
33258,Lizard Chosen,59
33258,Ghastly Dragon,32
33258,Killer Caiman,6
33258,Mutated Bat,3
33258,Lizard High Guard,3
33258,Death Blob,2
33258,Mutated Tiger,1
33424,Lizard Chosen,50
33424,Ghastly Dragon,22
33424,Mutated Bat,10
33424,Lizard Legionnaire,9
33424,Lizard High Guard,6
33424,Death Blob,6
33424,Mutated Tiger,5
33424,Lizard Dragon Priest,3
33425,Weakened Frazzlemaw,67
33425,Enfeebled Silencer,40
33425,Pixie,32
33425,Pooka,29
33425,Nymph,29
33425,Faun,18
33425,Swan Maiden,14
33425,Boogy,6
33425,Wisp,4
33425,Dark Faun,3
33425,Twisted Pooka,2
33445,Eternal Guardian,92
33445,Medusa,86
33445,Hydra,70
33445,Serpent Spawn,43
33445,Giant Spider,5
33445,Centipede,5
34016,Serpent Spawn,77
34016,Medusa,45
34016,Quara Hydromancer Scout,14
34016,Tarantula,13
34016,Quara Mantassin Scout,10
34016,Giant Spider,7
34016,Quara Predator Scout,6
34016,Cobra,6
34016,Water Elemental,5
34016,Spider,5
34016,Skunk,4
34016,Scorpion,3
34016,Bog Raider,2
34016,Crocodile,2
34016,Quara Pincher Scout,2
34016,Crypt Shambler,1
34016,Slime,1
35841,Ravenous Lava Lurker,478
37083,Werefox,57
37083,Werebadger,50
37083,Wereboar,33
37083,Werebear,25
37083,Werewolf,19
37083,Poison Spider,6
37083,Orc Warrior,2
37083,Orc,2
37083,Orc Spearman,1
37085,Werefox,54
37085,Werebadger,41
37085,Wereboar,34
37085,Werebear,25
37085,Werewolf,19
37180,Werefox,59
37180,Werebadger,50
37180,Wereboar,38
37180,Werebear,26
37180,Werewolf,20
37608,Werefox,37
37608,Werebadger,36
37608,Wereboar,29
37608,Werebear,19
37608,Werewolf,15
37608,Sharpclaw,1
37608,Shadowpelt,1
37608,Darkfang,1
37608,Bloodback,1
37608,Black Vixen,1
38346,Exotic Bat,307
38346,Exotic Cave Spider,137
38793,Midnight Asura,118
38793,Hellspawn,109
38793,Dawnfire Asura,104
38793,Frost Flower Asura,57
38812,Grim Reaper,164
38812,Banshee,11
38812,Spectre,10
38812,Gravedigger,4
38812,Stalker,3
38812,Shadow Pupil,2
38812,Scorpion,2
38812,Tarnished Spirit,1
38812,Skeleton Warrior,1
38835,Grim Reaper,301
38835,Nightmare Scion,17
38835,Nightmare,14
38836,Grim Reaper,417
38955,Grim Reaper,473
38955,Nightmare,7
38955,Nightmare Scion,3
39300,Cult Believer,136
39300,Renegade Knight,81
39300,Vicious Squire,60
39300,Vile Grandmaster,25
39992,Werehyaena,160
39992,Werehyaena Shaman,65
40531,Lizard High Guard,436
40531,Lizard Legionnaire,164
40531,Lizard Dragon Priest,63
40531,Lizard Zaogun,7
40912,Rot Elemental,70
40912,Glooth Blob,62
40912,Blood Beast,45
40912,Quara Hydromancer Scout,34
40912,Quara Predator Scout,33
40912,Devourer,29
40912,Quara Pincher Scout,28
40912,Quara Constrictor Scout,26
41129,Lizard High Guard,22
41129,Lizard Legionnaire,20
41129,Lancer Beetle,1
41129,Dragon,1
43891,Glooth Bandit,384
43891,Glooth Brigand,352
43941,Weakened Frazzlemaw,125
43941,Enfeebled Silencer,70
43941,Boogy,8
43941,Swan Maiden,4
43941,Dark Faun,3
43941,Nymph,2
43941,Pixie,1
43941,Kroazur,1
47748,Exotic Bat,150
47748,Exotic Cave Spider,61
47748,Pirat Scoundrel,3
47748,Pirat Cutthroat,2
49116,Gazer Spectre,291
49116,Thanatursus,2
49117,Gazer Spectre,259
49117,Thanatursus,1
50575,Ravenous Lava Lurker,775
51512,Vicious Squire,169
51512,Hero,98
51512,Bonebeast,64
51512,Renegade Knight,34
51512,Dwarf Henchman,32
51512,Vile Grandmaster,16
51512,Wyvern,12
51512,Stone Golem,4
51512,Lich,3
51512,Mechanical Fighter,2
51512,Rat,1
51512,Mad Technomancer,1
52059,Vampire Bride,423
52059,Vampire Viscount,360
52059,Vampire,336
52059,Snake,9
52059,Wyvern,2
52059,Wolf,2
52059,Wisp,2
52059,Rabbit,1
52059,Deer,1
52356,Dark Faun,262
52356,Twisted Pooka,216
52356,Boogy,115
53070,Vicious Squire,138
53070,Cult Believer,123
53070,Renegade Knight,99
53070,Cult Enforcer,76
53070,Vile Grandmaster,67
55180,Ravenous Lava Lurker,54
55979,Rot Elemental,147
55979,Glooth Blob,125
55979,Blood Beast,100
55979,Devourer,81
55979,Quara Predator Scout,63
55979,Quara Pincher Scout,63
55979,Quara Constrictor Scout,52
55979,Quara Hydromancer Scout,51
8446,Cult Believer,142
8446,Vicious Squire,131
8446,Renegade Knight,95
8446,Cult Enforcer,74
8446,Vile Grandmaster,61
9088,Dragon Lord,257
9088,Dragon,54
31452,Vampire,129
31452,Vampire Bride,127
31452,Vampire Viscount,120
31452,Demon Skeleton,33
31452,Ghoul,28
31452,Skeleton Warrior,24
31452,Necromancer,22
31452,Bonebeast,21
31452,Snake,13
31602,Pirate Marauder,179
31602,Pirate Cutthroat,115
31602,Pirate Buccaneer,27
31602,Pirate Corsair,6
31664,Sparkion,15
31664,Dread Intruder,13
31664,Reality Reaver,9
31664,Breach Brood,9
31680,Grim Reaper,552
31790,Weakened Frazzlemaw,132
31790,Enfeebled Silencer,82
31790,Mutated Bat,21
31790,Banshee,17
31790,Zombie,15
31790,Braindeath,14
31790,Nightmare,3
31790,Tarantula,3
31790,Swan Maiden,2
31790,Nightmare Scion,2
31790,Giant Spider,2
31790,Twisted Pooka,2
31790,Dark Faun,2
31790,Bonebeast,2
31790,Nightstalker,1
31790,Lich,1
31790,Kroazur,1
31796,Vampire Bride,236
31796,Vampire Viscount,235
31796,Vampire,167
31801,Weakened Frazzlemaw,251
31801,Enfeebled Silencer,152
31801,Swan Maiden,3
31801,Boogy,2
31801,Faun,1
32006,Midnight Asura,298
32006,Dawnfire Asura,293
32006,Hellspawn,101
32006,Frost Flower Asura,56
32008,Dawnfire Asura,814
32008,Midnight Asura,788
32008,Hellspawn,269
32008,Frost Flower Asura,155
32008,True Dawnfire Asura,1
32061,Amazon,353
32061,Valkyrie,192
32061,Witch,25
32061,Feverish Citizen,18
32061,Ghoul,7
32061,Mummy,3
32061,Lion,1
32087,Mutated Tiger,102
32087,Nomad,18
32087,Wyvern,15
32087,Bog Raider,14
32087,Wiggler,12
32087,Crystalcrusher,12
32087,Death Blob,9
32087,Vashresamun,4
32087,Massive Earth Elemental,3
32087,Earth Elemental,3
32087,Mutated Human,2
32087,Banshee,2
32087,Hyaena,1
32087,Dromedary,1
32087,Acid Blob,1
32156,Blood Crab,247
32156,Thornback Tortoise,192
32156,Tortoise,138
32156,Toad,38
32156,Crimson Frog,10
32156,Azure Frog,9
32156,Crab,8
32156,Orchid Frog,6
32156,Crocodile,6
32156,Coral Frog,5
32156,Wasp,4
32156,Snake,3
32156,Chicken,3
32156,Centipede,1
32492,Vampire Bride,127
32492,Vampire Viscount,112
32492,Vampire,108
32492,Wyvern,19
32492,Bonebeast,12
32492,Necromancer,10
32492,Ghoul,6
32492,Demon Skeleton,5
32492,Skeleton Warrior,4
32492,Snake,3
32492,Fox,2
32492,Wolf,1
32492,Rabbit,1
32492,Poacher,1
32616,Werehyaena,77
32616,Wasp,7
32687,Frazzlemaw,14
32687,Silencer,6
32806,Werehyaena,394
32806,Werehyaena Shaman,147
32838,Mooh'Tah Warrior,63
32838,Worm Priestess,34
32838,Minotaur Hunter,10
32843,Glooth Blob,281
32843,Rot Elemental,273
32843,Blood Beast,216
32843,Quara Predator Scout,178
32843,Devourer,158
32843,Quara Pincher Scout,157
32843,Quara Hydromancer Scout,142
32843,Quara Constrictor Scout,136
32843,Metal Gargoyle,2
33031,Werehyaena,123
33345,Werehyaena,320
33345,Werehyaena Shaman,179
33624,Medusa,163
33624,Souleater,150
33624,Serpent Spawn,142
33624,Eternal Guardian,102
33624,Hydra,101
33624,Tarantula,1
33624,Centipede,1
33624,Carniphila,1
33926,Putrid Mummy,210
33926,Bonebeast,52
33926,Giant Spider,8
33926,Minotaur Archer,4
33926,Minotaur Guard,3
33926,Minotaur,3
33926,Minotaur Mage,2
34426,Barkless Devotee,397
34426,Barkless Fanatic,350
34810,Barbarian Headsplitter,462
34810,Barbarian Skullhunter,385
34810,Barbarian Brutetamer,276
34810,Barbarian Bloodwalker,205
34810,Chicken,36
34810,Ice Witch,6
35573,Werehyaena,1035
35573,Werehyaena Shaman,372
35573,Lich,8
35575,Werehyaena,1020
35575,Werehyaena Shaman,382
35575,Lich,8
35612,Grim Reaper,1478
35657,Grim Reaper,1199
35671,Grim Reaper,990
35728,Grim Reaper,976
35728,Nightmare Scion,1
35728,Nightmare,1
35812,Grim Reaper,1232
35899,Grim Reaper,787
35909,Grim Reaper,306
36523,Breach Brood,257
36523,Reality Reaver,255
36523,Sparkion,248
36523,Dread Intruder,213
37331,Werehyaena,70
37331,Penguin,35
37331,Lamassu,29
37331,Sphinx,24
37331,Wasp,23
37331,Badger,22
37331,Winter Wolf,18
37331,Sandcrawler,13
37331,Crocodile,10
37331,Nomad,8
37331,Cobra,7
37331,Silver Rabbit,7
37331,Mammoth,6
37331,Frost Dragon Hatchling,4
37331,Crab,4
37331,Crystal Spider,3
37331,Frost Dragon,2
37331,Flamingo,2
37331,Scorpion,2
37331,The Bloodtusk,1
37331,Deer,1
37331,Dire Penguin,1
37331,Dromedary,1
37331,Frost Troll,1
37610,Draken Warmaster,299
37610,Draken Spellweaver,240
39090,Pirat Cutthroat,338
39090,Pirat Mate,272
39090,Pirat Bombardier,207
39090,Pirat Scoundrel,187
39090,Feverish Citizen,4
39090,Squirrel,1
39090,Nightmare Scion,1
39208,Instable Breach Brood,261
39208,Instable Sparkion,186
40956,Clay Guardian,101
40956,Omnivora,89
40956,Serpent Spawn,74
40956,Behemoth,61
40956,Medusa,44
40956,Stone Golem,39
40956,Gargoyle,28
40956,Slime,4
41189,Exotic Bat,198
41189,Dragon,127
41189,Exotic Cave Spider,72
41189,Pirat Cutthroat,42
41189,Pirat Scoundrel,39
41189,Dragon Hatchling,29
41189,Minotaur,28
41189,Wasp,23
41189,Minotaur Guard,12
41189,Minotaur Archer,5
41283,Weakened Frazzlemaw,209
41283,Enfeebled Silencer,129
41283,Kroazur,1
41294,Lamassu,28
41294,Sphinx,21
41294,Sandcrawler,11
41294,Cobra,10
41294,Crab,7
41294,Scorpion,4
41294,Crocodile,4
41294,Flamingo,2
41398,Weakened Frazzlemaw,159
41398,Enfeebled Silencer,98
41398,Dark Faun,2
41398,Kroazur,1
41547,Cult Believer,104
41547,Vicious Squire,57
41547,Renegade Knight,49
41547,Vile Grandmaster,20
41547,Cult Enforcer,12
41547,Cult Scholar,5
41551,Cult Believer,104
41551,Vicious Squire,57
41551,Renegade Knight,49
41551,Lamassu,32
41551,Vile Grandmaster,20
41551,Sphinx,19
41551,Sandcrawler,13
41551,Cult Enforcer,12
41551,Cobra,12
41551,Cult Scholar,5
41551,Scorpion,4
41551,Crab,4
41940,Demon,56
41940,Massive Fire Elemental,17
41940,Dark Apprentice,3
41940,Slime,1
41940,Dark Magician,1
42012,Weakened Frazzlemaw,282
42012,Enfeebled Silencer,167
42012,Kroazur,1
42569,Weakened Frazzlemaw,221
42569,Enfeebled Silencer,126
42613,Weakened Frazzlemaw,437
42613,Enfeebled Silencer,243
42613,Boogy,6
42613,Dark Faun,5
42613,Swan Maiden,3
42631,Glooth Bandit,84
42631,Glooth Brigand,76
42658,Exotic Bat,573
42658,Exotic Cave Spider,226
42658,Pirat Cutthroat,2
43200,Demon,61
43200,Massive Fire Elemental,16
43200,Dark Apprentice,5
43200,Dark Magician,1
43559,Werehyaena,373
43559,Werehyaena Shaman,148
43559,Lich,1
43565,Werehyaena,878
43565,Werehyaena Shaman,531
43631,Demon,28
43631,Massive Fire Elemental,7
43679,Werehyaena,414
43679,Werehyaena Shaman,243
43708,Werehyaena,459
43708,Werehyaena Shaman,261
43805,Werehyaena,495
43805,Werehyaena Shaman,266
43806,Werehyaena,467
43806,Werehyaena Shaman,238
44274,Werehyaena,625
44274,Werehyaena Shaman,354
44304,Exotic Bat,254
44304,Exotic Cave Spider,111
44526,Werehyaena,848
44526,Werehyaena Shaman,422
44735,Werehyaena,2431
44735,Werehyaena Shaman,935
44744,Werehyaena,909
44744,Werehyaena Shaman,340
44827,Werehyaena,2264
44827,Werehyaena Shaman,932
44971,Minotaur Cult Follower,595
44971,Minotaur Cult Prophet,250
44971,Minotaur Cult Zealot,149
44971,Pig,3
45096,Werehyaena,383
45096,Werehyaena Shaman,155
45119,Werehyaena,349
45119,Werehyaena Shaman,132
45119,Lich,1
45415,Minotaur Cult Follower,228
45415,Minotaur Cult Prophet,104
45415,Minotaur Cult Zealot,67
45417,Minotaur Cult Follower,339
45417,Minotaur Cult Prophet,160
45417,Minotaur Cult Zealot,100
45417,Pig,2
45419,Minotaur Cult Follower,367
45419,Minotaur Cult Prophet,164
45419,Minotaur Cult Zealot,112
45419,Pig,1
45449,Grim Reaper,1072
45449,Nightmare,57
45449,Nightmare Scion,39
48842,Cinder Wyrmling,573
48842,Shell Drake,439
48885,Cinder Wyrmling,1121
48885,Shell Drake,870
48969,Ravenous Lava Lurker,191
49093,Ravenous Lava Lurker,184
49093,Dromedary,1
50312,Hawk Hopper,175
50312,Bramble Wyrmling,132
50318,Grim Reaper,477
50358,Werewolf,149
50358,Werefox,140
50358,Werebear,139
50358,Werebadger,139
50358,Wereboar,122
50364,Grim Reaper,265
50574,Grim Reaper,919
50574,Nightmare,7
50574,Nightmare Scion,6
50582,Werehyaena,514
50582,Werehyaena Shaman,216
50607,Burster Spectre,165
50905,Rot Elemental,209
50905,Glooth Blob,208
50905,Blood Beast,155
50905,Devourer,139
51253,Lost Thrower,134
51253,Lost Basher,128
51253,Lost Husher,117
51253,Wyrm,99
51253,Vulcongra,99
51253,Drillworm,75
51253,Behemoth,66
51253,Dragon Lord,40
51253,Enslaved Dwarf,35
51253,Nightmare Scion,5
51793,Werehyaena,393
51793,Werehyaena Shaman,230
52064,Lion Hydra,392
52064,Bluebeak,365
52082,Behemoth,126
52082,Cyclops Drone,60
52082,Cyclops Smith,34
52082,Dwarf Soldier,18
52082,Cyclops,18
52082,Dragon,6
52736,Hellspawn,187
52736,Plaguesmith,22
52736,Gozzler,8
53077,Werehyaena,237
53077,Werehyaena Shaman,126
53078,Grim Reaper,368
53187,Serpent Spawn,116
53187,Behemoth,113
53187,Medusa,78
53187,Omnivora,70
53187,Clay Guardian,62
53187,Gargoyle,3
53187,Gorga,3
53187,Stone Golem,2
53326,Hellspawn,269
53326,Plaguesmith,49
53326,Gozzler,2
53327,Young Sea Serpent,327
53327,Sea Serpent,265
53352,Werefox,88
53352,Werebadger,69
53352,Wereboar,44
53352,Werebear,13
53352,Bloodback,1
53399,Stonerefiner,522
53399,Tarantula,13
53399,Bat,10
53399,Corym Charlatan,7
53399,Snake,4
53399,Marsh Stalker,4
53399,Feverish Citizen,4
53399,Corym Skirmisher,4
53399,Swampling,2
53434,Rot Elemental,373
53434,Glooth Blob,348
53434,Devourer,163
53434,Blood Beast,110
53639,Rustheap Golem,174
53639,Glooth Golem,142
53639,Devourer,111
53639,Rot Elemental,78
53639,Quara Hydromancer Scout,3
53639,Quara Constrictor Scout,3
53639,Quara Predator Scout,2
53639,Quara Pincher Scout,2
53639,Blood Beast,1
53711,Vulcongra,178
53711,Massive Fire Elemental,118
53711,Dragon Lord,70
53745,Grim Reaper,520
15712,Burster Spectre,784
15712,Wasp,7
27422,Vicious Squire,226
27422,Hero,206
27422,Renegade Knight,180
27422,Vile Grandmaster,131
27422,Undead Gladiator,79
27422,Blood Priest,46
27422,Bonebeast,19
27422,Necromancer,13
27422,Lich,13
28760,Cult Believer,253
28760,Renegade Knight,131
28760,Vicious Squire,113
28760,Vile Grandmaster,46
28760,Cult Enforcer,15
28862,Cult Believer,337
28862,Vicious Squire,215
28862,Renegade Knight,215
28862,Vile Grandmaster,98
28862,Cult Enforcer,89
28862,Ancient Scarab,14
28862,Roaring Lion,3
29403,Serpent Spawn,222
29403,Behemoth,189
29403,Omnivora,151
29403,Clay Guardian,143
29403,Medusa,127
29403,Stone Golem,33
29403,Gargoyle,25
29403,Slime,5
29650,Cult Believer,311
29650,Renegade Knight,208
29650,Vicious Squire,160
29650,Vile Grandmaster,64
29958,Serpent Spawn,242
29958,Behemoth,221
29958,Omnivora,214
29958,Medusa,194
29958,Clay Guardian,132
29958,Werehyaena,81
29958,Werehyaena Shaman,29
29958,Gargoyle,18
29958,Stone Golem,6
29958,Slime,2
30098,Midnight Asura,145
30098,Dawnfire Asura,131
30098,Hellspawn,128
30098,Frost Flower Asura,70
30098,Cave Hydra,15
30098,Nomad,1
30098,Hyaena,1
30100,Midnight Asura,129
30100,Dawnfire Asura,117
30100,Hellspawn,115
30100,Frost Flower Asura,67
30100,Cave Hydra,21
30102,Midnight Asura,122
30102,Dawnfire Asura,111
30102,Hellspawn,107
30102,Frost Flower Asura,62
30102,Cave Hydra,24
30187,Midnight Asura,185
30187,Hellspawn,175
30187,Dawnfire Asura,169
30187,Frost Flower Asura,95
30187,Cave Hydra,30
30187,Vicious Lich,4
30187,Greater Fire Elemental,4
30187,Vile Destroyer,2
30187,Greater Energy Elemental,2
30187,The Flaming Orchid,2
30187,Wasp,1
30187,Solitary Frost Dragon,1
30238,Midnight Asura,208
30238,Hellspawn,198
30238,Dawnfire Asura,187
30238,Frost Flower Asura,108
30238,Cave Hydra,42
30238,Wasp,1
30238,Hyaena,1
30341,Souleater,183
30341,Medusa,144
30341,Eternal Guardian,143
30341,Serpent Spawn,113
30341,Hydra,76
30341,Bonebeast,21
30341,Ice Golem,7
30341,Acid Blob,6
30341,Elder Bonelord,5
30341,Giant Spider,3
30341,Frost Dragon,3
30341,Centipede,2
30341,Hellspawn,2
30341,Nightmare,2
30341,Water Elemental,2
30341,Ghastly Dragon,1
30341,Phantasm,1
30509,Burster Spectre,761
30584,Midnight Asura,473
30584,Hellspawn,438
30584,Dawnfire Asura,430
30584,Frost Flower Asura,249
30584,Cave Hydra,90
30584,Nomad,1
30601,Gazer Spectre,881
30601,Thanatursus,120
30631,Midnight Asura,258
30631,Dawnfire Asura,231
30631,Hellspawn,224
30631,Frost Flower Asura,133
30631,Cave Hydra,48
37309,Gazer Spectre,720
37309,Thanatursus,98
40102,Burster Spectre,984
40339,Darklight Striker,672
40339,Darklight Matter,475
40339,Walking Pillar,367
40339,Darklight Source,331
40339,Scorpion,2
40339,Ghoul,1
40339,Zombie,1
41127,Burster Spectre,1624
41127,Mummy,26
41127,Lion,1
46448,Burster Spectre,349
46448,Arachnophobica,305
46448,Gazer Spectre,164
46448,Ripper Spectre,43
46748,Wyrm,250
46748,Elder Wyrm,84
46748,Scorpion,28
46748,Demon Skeleton,17
46748,Ghoul,14
46748,Skeleton,11
46748,Necromancer,11
46748,Bat,7
46748,Skeleton Warrior,6
46748,Tarnished Spirit,5
46748,Snake,5
46748,Nomad,5
46748,Mummy,5
46748,Vampire,4
46748,Ghost,4
46748,Priestess,3
46748,Rat,3
46748,Stalker,2
46748,Zombie,2
46748,Shadow Pupil,1
46748,Blood Hand,1
4921,Burster Spectre,304
4922,Burster Spectre,304
51574,Ripper Spectre,116
51574,Arachnophobica,100
51574,Gazer Spectre,72
51574,Burster Spectre,8
51722,Burster Spectre,229
51722,Arachnophobica,195
51722,Gazer Spectre,119
51722,Ripper Spectre,42
28101,Glooth Blob,137
28101,Rot Elemental,127
28101,Blood Beast,106
28101,Quara Predator Scout,85
28101,Quara Pincher Scout,77
28101,Quara Hydromancer Scout,74
28101,Devourer,72
28101,Quara Constrictor Scout,67
28915,Quara Pincher,493
28915,Quara Predator,421
28915,Quara Hydromancer,234
28915,Quara Constrictor,66
28915,Quara Mantassin,43
32843,Glooth Blob,281
32843,Rot Elemental,273
32843,Blood Beast,216
32843,Quara Predator Scout,178
32843,Devourer,158
32843,Quara Pincher Scout,157
32843,Quara Hydromancer Scout,142
32843,Quara Constrictor Scout,136
32843,Metal Gargoyle,2
45762,Quara Constrictor,169
45762,Quara Mantassin,163
45762,Quara Pincher,93
45762,Massive Water Elemental,91
45762,Quara Predator,90
45762,Quara Hydromancer,73
45875,Quara Raider,795
45875,Quara Looter,562
45875,Quara Plunderer,414
4611,Quara Raider,678
4611,Quara Looter,512
4611,Quara Plunderer,364
47999,Quara Raider,412
47999,Quara Looter,313
47999,Quara Plunderer,219
4839,Quara Raider,1545
4839,Quara Looter,1143
4839,Quara Plunderer,806
50905,Rot Elemental,209
50905,Glooth Blob,208
50905,Blood Beast,155
50905,Devourer,139
52823,Quara Mantassin Scout,19
52823,Quara Mantassin,19
52823,Quara Pincher Scout,18
52823,Quara Constrictor,16
52823,Quara Hydromancer,15
52823,Quara Predator Scout,14
52823,Quara Pincher,14
52823,Quara Constrictor Scout,12
52823,Quara Predator,6
52823,Quara Hydromancer Scout,6
53434,Rot Elemental,373
53434,Glooth Blob,348
53434,Devourer,163
53434,Blood Beast,110
55738,Quara Raider,941
55738,Quara Looter,719
55738,Quara Plunderer,491
56517,Quara Raider,712
56517,Quara Looter,567
56517,Quara Plunderer,370
56645,Quara Raider,745
56645,Quara Looter,538
56645,Quara Plunderer,372
56657,Quara Raider,712
56657,Quara Looter,527
56657,Quara Plunderer,348
56670,Quara Raider,452
56670,Quara Looter,300
56670,Quara Plunderer,232
56710,Quara Raider,456
56710,Quara Looter,342
56710,Quara Plunderer,249
56743,Quara Raider,807
56743,Quara Looter,486
56743,Quara Plunderer,438
56841,Quara Raider,1324
56841,Quara Looter,785
56841,Quara Plunderer,635
56931,Quara Raider,1238
56931,Quara Looter,734
56931,Quara Plunderer,603
57028,Quara Raider,1106
57028,Quara Looter,652
57028,Quara Plunderer,549
57171,Quara Raider,1313
57171,Quara Looter,760
57171,Quara Plunderer,598
57305,Quara Raider,644
57305,Quara Looter,385
57305,Quara Plunderer,302
57344,Quara Raider,969
57344,Quara Looter,573
57344,Quara Plunderer,482
8488,Quara Raider,495
8488,Quara Looter,386
8488,Quara Plunderer,256
1295,Werehyaena,912
1295,Werehyaena Shaman,365
1295,Lich,4
29965,Werehyaena,756
29965,Werehyaena Shaman,267
30149,Werehyaena,264
30149,Werehyaena Shaman,91
32806,Werehyaena,394
32806,Werehyaena Shaman,147
33345,Werehyaena,320
33345,Werehyaena Shaman,179
37817,Werehyaena,587
37817,Werehyaena Shaman,241
39992,Werehyaena,160
39992,Werehyaena Shaman,65
43530,Werehyaena,529
43530,Werehyaena Shaman,228
43559,Werehyaena,373
43559,Werehyaena Shaman,148
43559,Lich,1
43565,Werehyaena,878
43565,Werehyaena Shaman,531
43574,Werehyaena,446
43574,Werehyaena Shaman,240
43574,Hyaena,6
43679,Werehyaena,414
43679,Werehyaena Shaman,243
43708,Werehyaena,459
43708,Werehyaena Shaman,261
43805,Werehyaena,495
43805,Werehyaena Shaman,266
43806,Werehyaena,467
43806,Werehyaena Shaman,238
44274,Werehyaena,625
44274,Werehyaena Shaman,354
44526,Werehyaena,848
44526,Werehyaena Shaman,422
44735,Werehyaena,2431
44735,Werehyaena Shaman,935
44744,Werehyaena,909
44744,Werehyaena Shaman,340
44827,Werehyaena,2264
44827,Werehyaena Shaman,932
45096,Werehyaena,383
45096,Werehyaena Shaman,155
45119,Werehyaena,349
45119,Werehyaena Shaman,132
45119,Lich,1
51793,Werehyaena,393
51793,Werehyaena Shaman,230
11823,Werelioness,794
11823,Werelion,781
11823,White Lion,327
11823,Terramite,4
11823,Scorpion,4
11823,Larva,4
11823,Cobra,3
11823,Yirkas Blue Scales,2
11823,Utua Stone Sting,2
11823,Srezz Yellow Eyes,2
11823,Katex Blood Tongue,2
11823,Scarab,1
11823,Bat,1
12503,Werelioness,602
12503,Werelion,553
12503,White Lion,182
15520,Werelioness,508
15520,Werelion,465
15520,White Lion,153
33109,Werelioness,142
33109,Werelion,137
33109,White Lion,53
33170,Werelioness,625
33170,Werelion,566
33170,White Lion,193
33509,Werelioness,578
33509,Werelion,485
33509,White Lion,177
33617,Werelioness,632
33617,Werelion,579
33617,White Lion,203
33636,Werelioness,483
33636,Werelion,436
33636,White Lion,153
33988,Werelion,145
33988,Werelioness,122
33988,White Lion,51
33989,Werelioness,168
33989,Werelion,130
33989,White Lion,50
34585,Werelioness,669
34585,Werelion,612
34585,White Lion,215
34658,Werelioness,670
34658,Werelion,617
34658,White Lion,210
35893,Werelioness,563
35893,Werelion,475
35893,White Lion,179
35937,Werelioness,708
35937,Werelion,642
35937,White Lion,225
35970,Werelioness,594
35970,Werelion,515
35970,White Lion,203
36103,Werelioness,511
36103,Werelion,464
36103,White Lion,152
36546,Werelioness,632
36546,Werelion,589
36546,White Lion,215
36594,Werelioness,620
36594,Werelion,601
36594,White Lion,214
38528,Werelioness,297
38528,Werelion,258
38528,White Lion,98
38529,Werelioness,586
38529,Werelion,521
38529,White Lion,170
40686,Werelioness,680
40686,Werelion,594
40686,White Lion,210
40876,Werelion,616
40876,Werelioness,529
40876,White Lion,364
40878,Werelioness,625
40878,Werelion,621
40878,White Lion,381
41821,Werelioness,371
41821,Werelion,341
41821,White Lion,113
44388,Werelioness,592
44388,Werelion,539
44388,White Lion,196
46417,Werelioness,379
46417,Werelion,326
46417,White Lion,117
46817,Cunning Werepanther,263
46817,Weretiger,150
46817,White Weretiger,71
46817,Scorpion,6
46817,White Tiger,4
46817,Werecrocodile,4
46817,Werepanther,3
46817,Crocodile,3
46817,Cobra,3
46817,Tiger,2
46817,Feral Werecrocodile,2
46817,Killer Caiman,1
48337,Werelioness,412
48337,Werelion,405
48337,White Lion,151
49850,Werelioness,79
49850,Werelion,79
49850,White Lion,9
49922,Werelioness,376
49922,Werelion,353
49922,White Lion,129
51711,Werelioness,510
51711,Werelion,462
51711,White Lion,159
51711,Yirkas Blue Scales,1
53750,Werelioness,260
53750,Werelion,226
53750,White Lion,72
54319,Werelioness,438
54319,Werelion,383
54319,White Lion,119
6290,Cunning Werepanther,998
6290,White Weretiger,604
6290,Weretiger,518
6290,White Tiger,11
6290,Larva,8
6290,Scorpion,5
6290,Mummy,5
6290,Werepanther,3
6290,Werecrocodile,2
6290,Feral Werecrocodile,2
6290,Crocodile,2
6290,Tiger,1
6290,Killer Caiman,1
6290,Cobra,1
6296,Werelioness,644
6296,Werelion,598
6296,White Lion,237
6296,Yirkas Blue Scales,1
6296,Utua Stone Sting,1
6296,Srezz Yellow Eyes,1
6296,Katex Blood Tongue,1
27309,Cunning Werepanther,255
27309,Weretiger,160
27309,White Weretiger,141
31446,Cunning Werepanther,365
31446,Weretiger,208
31446,White Weretiger,130
31446,Scorpion,2
31446,Tiger,1
34112,Cunning Werepanther,199
34112,Weretiger,100
34112,White Weretiger,47
34128,Cunning Werepanther,79
34128,Weretiger,46
34128,White Weretiger,19
34207,Cunning Werepanther,180
34207,Weretiger,113
34207,White Weretiger,50
34283,Cunning Werepanther,200
34283,Weretiger,105
34283,White Weretiger,48
36047,Cunning Werepanther,181
36047,Weretiger,100
36047,White Weretiger,65
37087,Cunning Werepanther,219
37087,Weretiger,119
37087,White Weretiger,62
37667,Cunning Werepanther,222
37667,Weretiger,120
37667,White Weretiger,78
37717,Cunning Werepanther,205
37717,Weretiger,123
37717,White Weretiger,69
37740,Cunning Werepanther,229
37740,Weretiger,122
37740,White Weretiger,77
37749,Cunning Werepanther,278
37749,Weretiger,164
37749,White Weretiger,106
385,Cunning Werepanther,542
385,Weretiger,337
385,White Weretiger,225
385,White Tiger,4
385,Werepanther,2
385,Werecrocodile,1
385,Tiger,1
385,Scorpion,1
385,Killer Caiman,1
385,Feral Werecrocodile,1
38803,Cunning Werepanther,408
38803,Weretiger,250
38803,White Weretiger,149
38815,Cunning Werepanther,259
38815,Weretiger,143
38815,White Weretiger,96
39100,Cunning Werepanther,511
39100,Weretiger,298
39100,White Weretiger,185
39145,Cunning Werepanther,225
39145,Weretiger,131
39145,White Weretiger,72
39442,Cunning Werepanther,205
39442,Weretiger,156
39442,White Weretiger,91
39560,Cunning Werepanther,434
39560,Weretiger,245
39560,White Weretiger,122
40528,Cunning Werepanther,576
40528,Weretiger,345
40528,White Weretiger,204
41079,Cunning Werepanther,426
41079,Weretiger,245
41079,White Weretiger,222
41079,White Tiger,7
41079,Tiger,3
42996,Cunning Werepanther,410
42996,Weretiger,249
42996,White Weretiger,139
43539,Cunning Werepanther,324
43539,Weretiger,211
43539,White Weretiger,177
43942,Cunning Werepanther,462
43942,Weretiger,276
43942,White Weretiger,140
43957,Cunning Werepanther,258
43957,Weretiger,161
43957,White Weretiger,97
43996,Cunning Werepanther,275
43996,Weretiger,152
43996,White Weretiger,102
45290,Cunning Werepanther,565
45290,Weretiger,359
45290,White Weretiger,205
45418,Cunning Werepanther,534
45418,Weretiger,300
45418,White Weretiger,193
45624,Cunning Werepanther,577
45624,Weretiger,344
45624,White Weretiger,198
46909,Cunning Werepanther,236
46909,Weretiger,154
46909,White Weretiger,68
46909,White Tiger,1
46909,Scorpion,1
47094,Cunning Werepanther,380
47094,Weretiger,193
47094,White Weretiger,117
47643,Cunning Werepanther,332
47643,Weretiger,203
47643,White Weretiger,108
48495,Cunning Werepanther,398
48495,Weretiger,251
48495,White Weretiger,140
4882,Cunning Werepanther,703
4882,Weretiger,393
4882,White Weretiger,248
52653,Cunning Werepanther,373
52653,Weretiger,243
52653,White Weretiger,136
52720,Cunning Werepanther,382
52720,Weretiger,255
52720,White Weretiger,111
54788,Cunning Werepanther,480
54788,Weretiger,296
54788,White Weretiger,169
6292,Cunning Werepanther,998
6292,White Weretiger,604
6292,Weretiger,518
6292,White Tiger,11
6292,Larva,8
6292,Scorpion,5
6292,Mummy,5
6292,Werepanther,3
6292,Werecrocodile,2
6292,Feral Werecrocodile,2
6292,Crocodile,2
6292,Tiger,1
6292,Killer Caiman,1
6292,Cobra,1
9146,Cunning Werepanther,405
9146,White Weretiger,263
9146,Weretiger,202
9146,Scorpion,3
9146,Cobra,2
30650,Burster Spectre,1566
30699,Burster Spectre,1716
30699,Efreet,1
30729,Burster Spectre,1564
30754,Burster Spectre,741
30821,Burster Spectre,1427
30829,Burster Spectre,734
31478,Burster Spectre,938
31581,Burster Spectre,775
31728,Burster Spectre,568
31729,Burster Spectre,1255
31917,Burster Spectre,2130
31986,Burster Spectre,968
32119,Burster Spectre,1397
33141,Burster Spectre,479
33346,Burster Spectre,394
33524,Burster Spectre,864
33637,Burster Spectre,380
33640,Burster Spectre,812
33851,Burster Spectre,901
34236,Burster Spectre,1203
34308,Burster Spectre,1540
34346,Burster Spectre,1473
34410,Burster Spectre,814
34682,Burster Spectre,935
34893,Gazer Spectre,217
34893,Thanatursus,14
36992,Ripper Spectre,468
36992,Arachnophobica,407
37719,Ripper Spectre,537
37719,Arachnophobica,430
38498,Burster Spectre,810
38628,Burster Spectre,894
38726,Burster Spectre,320
38802,Burster Spectre,225
40102,Burster Spectre,984
41046,Spectre,122
41046,Lost Soul,121
41046,Betrayed Wraith,78
41046,Phantasm,64
41046,Demon,20
41046,Undead Dragon,8
41046,Lich,8
41046,Wild Warrior,7
41046,Warlock,5
41046,Braindeath,4
41046,Stalker,3
41046,Hunter,3
41046,Fire Devil,2
41046,Dragon Hatchling,2
41046,Dark Magician,1
41046,Dark Apprentice,1
43353,Burster Spectre,199
43487,Gazer Spectre,550
43487,Thanatursus,73
43487,Swamp Troll,6
43629,Gazer Spectre,448
43629,Thanatursus,65
43629,Slime,1
43686,Gazer Spectre,235
43686,Thanatursus,19
43747,Ripper Spectre,995
43747,Arachnophobica,806
43747,Boar,4
43747,Wild Warrior,1
43747,Wasp,1
43747,Tarantula,1
43747,Hunter,1
43825,Ripper Spectre,691
43825,Arachnophobica,563
43825,Boar,5
43825,Wasp,1
43825,Rabbit,1
44000,Burster Spectre,223
44366,Gazer Spectre,642
44751,Ripper Spectre,477
44751,Arachnophobica,391
44753,Ripper Spectre,436
44753,Arachnophobica,345
44765,Ripper Spectre,322
44765,Arachnophobica,268
47140,Fury,289
47140,Spectre,196
47140,Nightmare,159
48828,Burster Spectre,211
49530,Gazer Spectre,601
49530,Thanatursus,59
50335,Gazer Spectre,333
50335,Thanatursus,45
50336,Burster Spectre,391
50607,Burster Spectre,165
50735,Ripper Spectre,498
50735,Arachnophobica,420
50796,Ripper Spectre,439
50796,Arachnophobica,367
51201,Ripper Spectre,338
51201,Arachnophobica,293
51391,Ripper Spectre,576
51391,Arachnophobica,479
52068,Ripper Spectre,350
52068,Arachnophobica,285
53031,Burster Spectre,555
53132,Ripper Spectre,88
53132,Arachnophobica,73
53149,Gazer Spectre,490
53149,Thanatursus,63
53617,Burster Spectre,612
1109,Cult Believer,157
1109,Vicious Squire,120
1109,Renegade Knight,93
1109,Cult Enforcer,62
1109,Vile Grandmaster,52
24692,Adept of the Cult,235
24692,Enlightened of the Cult,137
24692,Acolyte of the Cult,87
24692,Novice of the Cult,24
24692,Serpent Spawn,10
25222,Cult Believer,94
25222,Renegade Knight,64
25222,Vicious Squire,51
25222,Vile Grandmaster,18
27989,Minotaur Cult Follower,1459
27989,Minotaur Cult Prophet,510
27989,Minotaur Cult Zealot,305
27989,Pig,14
27989,Minotaur Guard,2
27989,Minotaur,1
28760,Cult Believer,253
28760,Renegade Knight,131
28760,Vicious Squire,113
28760,Vile Grandmaster,46
28760,Cult Enforcer,15
28862,Cult Believer,337
28862,Vicious Squire,215
28862,Renegade Knight,215
28862,Vile Grandmaster,98
28862,Cult Enforcer,89
28862,Ancient Scarab,14
28862,Roaring Lion,3
36498,Minotaur Cult Follower,832
36498,Minotaur Cult Prophet,321
36498,Minotaur Cult Zealot,169
41547,Cult Believer,104
41547,Vicious Squire,57
41547,Renegade Knight,49
41547,Vile Grandmaster,20
41547,Cult Enforcer,12
41547,Cult Scholar,5
44399,Cult Believer,65
44399,Vicious Squire,45
44399,Renegade Knight,39
44399,Cult Enforcer,27
44399,Vile Grandmaster,18
53070,Vicious Squire,138
53070,Cult Believer,123
53070,Renegade Knight,99
53070,Cult Enforcer,76
53070,Vile Grandmaster,67
7709,Acolyte of the Cult,220
7709,Adept of the Cult,218
7709,Novice of the Cult,90
7709,Enlightened of the Cult,33
7885,Acolyte of the Cult,431
7885,Adept of the Cult,351
7885,Novice of the Cult,215
7885,Enlightened of the Cult,37
7991,Acolyte of the Cult,225
7991,Adept of the Cult,209
7991,Novice of the Cult,106
7991,Enlightened of the Cult,28
8019,Acolyte of the Cult,575
8019,Adept of the Cult,399
8019,Novice of the Cult,314
8019,Enlightened of the Cult,33
8063,Adept of the Cult,245
8063,Acolyte of the Cult,238
8063,Novice of the Cult,77
8063,Enlightened of the Cult,30
8446,Cult Believer,142
8446,Vicious Squire,131
8446,Renegade Knight,95
8446,Cult Enforcer,74
8446,Vile Grandmaster,61
33424,Lizard Chosen,50
33424,Ghastly Dragon,22
33424,Mutated Bat,10
33424,Lizard Legionnaire,9
33424,Lizard High Guard,6
33424,Death Blob,6
33424,Mutated Tiger,5
33424,Lizard Dragon Priest,3
40531,Lizard High Guard,436
40531,Lizard Legionnaire,164
40531,Lizard Dragon Priest,63
40531,Lizard Zaogun,7
41129,Lizard High Guard,22
41129,Lizard Legionnaire,20
41129,Lancer Beetle,1
41129,Dragon,1
53845,Crypt Warrior,712
54788,Cunning Werepanther,480
54788,Weretiger,296
54788,White Weretiger,169
29183,Vampire Bride,45
29183,Vampire Viscount,42
29183,Vampire,35
29183,Snake,10
29458,Vampire Bride,193
29458,Vampire Viscount,192
29458,Vampire,143
29458,Wyvern,24
29458,Ghoul,13
29458,Skeleton Warrior,10
29458,Wolf,6
29458,Snake,2
29458,Bat,2
29458,Wisp,1
29458,Fox,1
29458,Bonebeast,1
31452,Vampire,129
31452,Vampire Bride,127
31452,Vampire Viscount,120
31452,Demon Skeleton,33
31452,Ghoul,28
31452,Skeleton Warrior,24
31452,Necromancer,22
31452,Bonebeast,21
31452,Snake,13
31796,Vampire Bride,236
31796,Vampire Viscount,235
31796,Vampire,167
32492,Vampire Bride,127
32492,Vampire Viscount,112
32492,Vampire,108
32492,Wyvern,19
32492,Bonebeast,12
32492,Necromancer,10
32492,Ghoul,6
32492,Demon Skeleton,5
32492,Skeleton Warrior,4
32492,Snake,3
32492,Fox,2
32492,Wolf,1
32492,Rabbit,1
32492,Poacher,1
34294,Vampire Bride,396
34294,Vampire Viscount,364
34294,Vampire,342
52059,Vampire Bride,423
52059,Vampire Viscount,360
52059,Vampire,336
52059,Snake,9
52059,Wyvern,2
52059,Wolf,2
52059,Wisp,2
52059,Rabbit,1
52059,Deer,1
52560,Vampire,74
52560,Necromancer,70
52560,Bonebeast,68
52560,Demon Skeleton,31
52560,Vampire Bride,13
52560,Vampire Viscount,11
32898,Midnight Asura,81
32898,Hellspawn,72
32898,Dawnfire Asura,61
32898,Frost Flower Asura,28
32960,Midnight Asura,80
32960,Hellspawn,70
32960,Dawnfire Asura,67
32960,Frost Flower Asura,31
32966,Midnight Asura,74
32966,Hellspawn,66
32966,Dawnfire Asura,63
32966,Frost Flower Asura,31
33127,Midnight Asura,94
33127,Hellspawn,82
33127,Dawnfire Asura,80
33127,Frost Flower Asura,31
33228,Midnight Asura,75
33228,Hellspawn,66
33228,Dawnfire Asura,64
33228,Frost Flower Asura,31
33966,Midnight Asura,78
33966,Dawnfire Asura,67
33966,Hellspawn,43
33966,Frost Flower Asura,2
33968,Midnight Asura,244
33968,Dawnfire Asura,186
33968,Hellspawn,120
33968,Frost Flower Asura,49
34268,Dawnfire Asura,521
34268,Midnight Asura,503
34268,Hellspawn,164
34268,Frost Flower Asura,128
34270,Dawnfire Asura,530
34270,Midnight Asura,509
34270,Hellspawn,163
34270,Frost Flower Asura,129
35166,Dawnfire Asura,575
35166,Midnight Asura,561
35166,Hellspawn,176
35166,Frost Flower Asura,142
35198,True Midnight Asura,637
35198,True Dawnfire Asura,525
35198,Hellhound,168
35198,True Frost Flower Asura,146
35508,Dawnfire Asura,506
35508,Midnight Asura,485
35508,Hellspawn,166
35508,Frost Flower Asura,75
35737,Dawnfire Asura,471
35737,Midnight Asura,431
35737,Hellspawn,149
35737,Frost Flower Asura,7
35737,True Midnight Asura,5
35737,True Dawnfire Asura,3
37824,True Midnight Asura,735
37824,True Dawnfire Asura,609
37824,Hellhound,177
37824,True Frost Flower Asura,176
37824,Hellspawn,2
37824,Midnight Asura,1
37824,Dawnfire Asura,1
37824,The Lily of Night,1
37824,The Diamond Blossom,1
37824,The Blazing Rose,1
38541,True Midnight Asura,638
38541,True Dawnfire Asura,531
38541,Hellhound,153
38541,True Frost Flower Asura,144
38541,Hellspawn,10
38541,Dawnfire Asura,3
38541,Crocodile,2
38541,Bug,2
38541,Wisp,1
38541,Nomad,1
38541,Midnight Asura,1
38541,Frost Flower Asura,1
38541,Centipede,1
38793,Midnight Asura,118
38793,Hellspawn,109
38793,Dawnfire Asura,104
38793,Frost Flower Asura,57
40436,Midnight Asura,504
40436,Dawnfire Asura,494
40436,Hellspawn,154
40436,Frost Flower Asura,71
41042,True Midnight Asura,412
41042,True Dawnfire Asura,343
41042,Hellhound,108
41042,True Frost Flower Asura,75
41042,Midnight Asura,4
41042,Dawnfire Asura,3
41042,Hellspawn,2
41325,Midnight Asura,233
41325,Hellspawn,196
41325,Dawnfire Asura,173
41325,Frost Flower Asura,116
41933,Dawnfire Asura,574
41933,Midnight Asura,540
41933,Hellspawn,171
41933,Frost Flower Asura,96
43152,Midnight Asura,143
43152,Hellspawn,143
43152,Dawnfire Asura,134
43152,Frost Flower Asura,89
43152,Crocodile,2
43152,Centipede,1
43152,Bug,1
43568,Dawnfire Asura,313
43568,Midnight Asura,269
43568,Hellspawn,87
43568,Frost Flower Asura,8
43568,True Dawnfire Asura,4
43568,True Midnight Asura,3
43880,True Midnight Asura,477
43880,True Dawnfire Asura,399
43880,Hellhound,119
43880,True Frost Flower Asura,113
43904,True Midnight Asura,746
43904,True Dawnfire Asura,607
43904,Hellhound,193
43904,True Frost Flower Asura,162
43904,Hellspawn,4
43904,Midnight Asura,3
43904,Dawnfire Asura,3
43904,Nomad,1
44004,True Midnight Asura,838
44004,True Dawnfire Asura,694
44004,Hellhound,218
44004,True Frost Flower Asura,181
44004,Midnight Asura,3
44004,Hellspawn,3
44004,Dawnfire Asura,3
44004,Cave Hydra,3
44004,Hyaena,2
44004,Nomad,1
44100,True Midnight Asura,1362
44100,True Dawnfire Asura,1107
44100,Hellhound,357
44100,True Frost Flower Asura,308
44100,Hellspawn,6
44100,Dawnfire Asura,4
44100,Nomad,3
44100,Hyaena,1
44269,True Midnight Asura,723
44269,True Dawnfire Asura,594
44269,Hellhound,188
44269,True Frost Flower Asura,157
44407,True Midnight Asura,409
44407,True Dawnfire Asura,337
44407,Hellhound,106
44407,True Frost Flower Asura,91
44407,Flamingo,7
44407,Crocodile,2
44407,Spider,1
44407,Nomad,1
44407,Hunter,1
44407,Elephant,1
44407,Dawnfire Asura,1
44407,Bug,1
44487,True Midnight Asura,1144
44487,True Dawnfire Asura,946
44487,Hellhound,292
44487,True Frost Flower Asura,254
44487,Nomad,5
44487,Hyaena,2
44520,True Midnight Asura,486
44520,True Dawnfire Asura,401
44520,Hellhound,119
44520,True Frost Flower Asura,112
44520,Nomad,1
44528,True Midnight Asura,1427
44528,True Dawnfire Asura,1172
44528,Hellhound,371
44528,True Frost Flower Asura,332
44528,Hellspawn,10
44528,Dawnfire Asura,4
44528,Nomad,2
44528,Hyaena,1
44547,True Midnight Asura,922
44547,True Dawnfire Asura,757
44547,Hellhound,234
44547,True Frost Flower Asura,208
44547,Nomad,6
44547,Tarantula,2
44547,Bandit,2
44547,Snake,1
44547,Midnight Asura,1
44547,Dawnfire Asura,1
44547,Crocodile,1
44738,True Midnight Asura,779
44738,True Dawnfire Asura,647
44738,Hellhound,199
44738,True Frost Flower Asura,181
44738,Nomad,1
44738,Hyaena,1
44775,True Midnight Asura,947
44775,True Dawnfire Asura,805
44775,Hellhound,242
44775,True Frost Flower Asura,226
44775,Midnight Asura,2
44775,Nomad,1
44775,Hyaena,1
44775,Hellspawn,1
44775,Dawnfire Asura,1
45059,True Midnight Asura,891
45059,True Dawnfire Asura,760
45059,Hellhound,228
45059,True Frost Flower Asura,200
45059,Dawnfire Asura,7
45059,Midnight Asura,6
45059,Hellspawn,4
45059,Frost Flower Asura,2
45059,Nomad,1
45059,Hyaena,1
45100,True Midnight Asura,815
45100,True Dawnfire Asura,674
45100,Hellhound,202
45100,True Frost Flower Asura,179
45100,Nomad,1
45127,True Midnight Asura,1508
45127,True Dawnfire Asura,1240
45127,Hellhound,384
45127,True Frost Flower Asura,338
45127,Nomad,1
45156,True Midnight Asura,767
45156,True Dawnfire Asura,636
45156,Hellhound,196
45156,True Frost Flower Asura,174
45156,Hellspawn,6
45156,Nomad,2
45156,Dawnfire Asura,2
45539,Dawnfire Asura,414
45539,Midnight Asura,399
45539,Hellspawn,134
45539,Frost Flower Asura,96
45539,Nomad,3
46669,Dawnfire Asura,598
46669,Midnight Asura,587
46669,Hellspawn,183
46669,Frost Flower Asura,159
47754,True Midnight Asura,964
47754,True Dawnfire Asura,791
47754,Hellhound,224
47754,True Frost Flower Asura,179
47754,Dawnfire Asura,2
47754,Crocodile,2
47754,Nomad,1
48993,Dawnfire Asura,12
48993,Hellspawn,11
48993,Frost Flower Asura,7
48993,Midnight Asura,6
49267,True Midnight Asura,584
49267,True Dawnfire Asura,504
49267,Hellhound,155
49267,True Frost Flower Asura,133
49267,Nomad,1
49568,True Midnight Asura,600
49568,True Dawnfire Asura,501
49568,Hellhound,156
49568,True Frost Flower Asura,135
49568,Hellspawn,2
49568,Nomad,1
49759,True Midnight Asura,765
49759,True Dawnfire Asura,635
49759,Hellhound,191
49759,True Frost Flower Asura,172
49787,Midnight Asura,146
49787,Dawnfire Asura,134
49787,Frost Flower Asura,58
49787,Hellspawn,48
50187,True Midnight Asura,445
50187,True Dawnfire Asura,366
50187,Hellhound,110
50187,True Frost Flower Asura,100
50187,Hyaena,5
50187,Nomad,1
50699,Dawnfire Asura,1564
50699,Midnight Asura,1483
50699,Hellspawn,502
50699,Frost Flower Asura,387
50699,True Dawnfire Asura,4
50699,Crocodile,1
51716,True Midnight Asura,604
51716,True Dawnfire Asura,504
51716,Hellhound,154
51716,True Frost Flower Asura,134
51716,Nomad,1
52884,Dawnfire Asura,379
52884,Midnight Asura,363
52884,Hellspawn,128
52884,Frost Flower Asura,112
52884,Nomad,1
54069,Dawnfire Asura,394
54069,Midnight Asura,347
54069,Hellspawn,126
54069,Frost Flower Asura,56
54689,Dawnfire Asura,756
54689,Midnight Asura,730
54689,Hellspawn,232
54689,Frost Flower Asura,101
54697,Dawnfire Asura,668
54697,Midnight Asura,650
54697,Hellspawn,199
54697,Frost Flower Asura,113
55194,True Midnight Asura,634
55194,True Dawnfire Asura,526
55194,Hellhound,167
55194,True Frost Flower Asura,140
55427,True Midnight Asura,768
55427,True Dawnfire Asura,626
55427,Hellhound,204
55427,True Frost Flower Asura,167
55427,Nomad,1
55514,True Midnight Asura,691
55514,True Dawnfire Asura,580
55514,Hellhound,181
55514,True Frost Flower Asura,154
55858,True Midnight Asura,220
55858,True Dawnfire Asura,188
55858,Hellhound,55
55858,True Frost Flower Asura,50
56613,Silverfrost Sentinel,125
56613,Iceplume Strider,123
56613,True Frost Flower Asura,92
56613,True Midnight Asura,17
56813,Silverfrost Sentinel,382
56813,Iceplume Strider,358
56813,True Frost Flower Asura,323
56813,True Midnight Asura,80
1217,Demon,236
1217,Grim Reaper,226
1217,Metal Gargoyle,165
1749,True Midnight Asura,325
1749,True Dawnfire Asura,274
1749,Hellhound,85
1749,True Frost Flower Asura,66
1752,Vexclaw,1004
1752,Juggernaut,895
1752,Hellflayer,742
1752,Demon,7
1752,Grimeleech,1
1752,Razzagorn,1
27533,Spellreaper Inferniarch,3715
27533,Hellhunter Inferniarch,3692
27533,Brinebrute Inferniarch,261
27578,Grimeleech,326
27578,Spectre,319
27578,Hand of Cursed Fate,171
27578,Hellflayer,143
27578,Vexclaw,48
30031,Burster Spectre,929
30034,Burster Spectre,908
37250,Grim Reaper,108
37250,Demon,83
37250,Metal Gargoyle,72
38400,Demon Outcast,1345
38400,Dark Torturer,554
38400,Plaguesmith,502
38400,Blightwalker,145
38400,Hellhound,141
38400,Juggernaut,96
38570,Grim Reaper,306
38570,Demon,220
38570,Metal Gargoyle,202
38912,Grim Reaper,124
38912,Demon,90
38912,Metal Gargoyle,80
41046,Spectre,122
41046,Lost Soul,121
41046,Betrayed Wraith,78
41046,Phantasm,64
41046,Demon,20
41046,Undead Dragon,8
41046,Lich,8
41046,Wild Warrior,7
41046,Warlock,5
41046,Braindeath,4
41046,Stalker,3
41046,Hunter,3
41046,Fire Devil,2
41046,Dragon Hatchling,2
41046,Dark Magician,1
41046,Dark Apprentice,1
41091,Demon,255
41091,Metal Gargoyle,96
41091,Grim Reaper,4
41940,Demon,56
41940,Massive Fire Elemental,17
41940,Dark Apprentice,3
41940,Slime,1
41940,Dark Magician,1
42139,Grim Reaper,146
42139,Demon,126
42139,Metal Gargoyle,111
42159,Grim Reaper,121
42159,Demon,99
42159,Metal Gargoyle,84
42161,Grim Reaper,144
42161,Demon,125
42161,Metal Gargoyle,97
43200,Demon,61
43200,Massive Fire Elemental,16
43200,Dark Apprentice,5
43200,Dark Magician,1
43631,Demon,28
43631,Massive Fire Elemental,7
44540,Ripper Spectre,263
44540,Arachnophobica,215
44540,Gazer Spectre,152
44985,Young Goanna,503
44985,Adult Goanna,386
44985,Feral Sphinx,310
44985,Manticore,228
44985,Ogre Rowdy,126
44985,Sphinx,92
44985,Ogre Sage,67
44985,Ogre Ruffian,65
44985,Lamassu,59
44985,Clomp,48
44985,Scorpion,32
44985,Hyaena,29
44985,Lion,25
44985,Cobra,25
44985,Crocodile,20
44985,Crab,9
44985,Flamingo,3
44985,Sun-Marked Goanna,1
45098,Hellspawn,220
45098,Destroyer,176
45098,Grim Reaper,170
45098,Dark Torturer,138
45098,Juggernaut,5
45098,Hellhound,4
45098,Demon,3
45101,Hellspawn,220
45101,Destroyer,176
45101,Grim Reaper,170
45101,Dark Torturer,138
45101,Juggernaut,5
45101,Hellhound,4
45101,Demon,3
45112,Vexclaw,371
45112,Hellfire Fighter,274
45112,Fury,255
45112,Hellhound,199
45112,Hellflayer,107
47295,Mitmah Seer,491
47295,Mitmah Scout,140
47295,Iks Yapunac,64
47353,Rootthing Nutshell,1738
47353,Rootthing Bug Tracker,987
47353,Rootthing Amber Shaper,529
47363,Rootthing Nutshell,1661
47363,Rootthing Bug Tracker,918
47363,Rootthing Amber Shaper,491
47423,Dark Torturer,419
47423,Vexclaw,409
47423,Hellflayer,133
47423,Grimeleech,81
47433,Rootthing Nutshell,1909
47433,Rootthing Bug Tracker,1035
47433,Rootthing Amber Shaper,551
47436,Rootthing Nutshell,1699
47436,Rootthing Bug Tracker,938
47436,Rootthing Amber Shaper,501
47458,Lavaworm,296
47458,Streaked Devourer,290
47458,Lavafungus,231
47548,Rootthing Nutshell,1786
47548,Rootthing Bug Tracker,986
47548,Rootthing Amber Shaper,526
48650,Demon,47
48650,Massive Fire Elemental,8
48650,Dark Apprentice,4
48650,Dark Magician,2
49294,Cobra Assassin,585
49294,Cobra Scout,360
49294,Cobra Vizier,196
49641,Demon,342
49641,Vexclaw,313
49641,Grimeleech,303
49641,Hellflayer,99
50901,Fire Elemental,244
50901,Demon,106
50901,Demon Skeleton,91
50901,Dragon Lord,36
50901,Hellhound,26
50923,Demon,71
50923,Metal Gargoyle,60
50923,Grim Reaper,55
50923,Glooth Blob,8
50923,Rot Elemental,4
50923,Walker,2
50923,Death Blob,2
50923,Devourer,1
50928,Fire Elemental,156
50928,Demon,67
50928,Demon Skeleton,59
50928,Dragon Lord,32
50928,Hellhound,10
52228,Demon,240
52228,Vexclaw,217
52228,Grimeleech,192
52228,Hellflayer,48
6555,Vexclaw,1036
6555,Juggernaut,878
6555,Hellflayer,661
6587,Demon Outcast,796
6587,Dark Torturer,331
6587,Plaguesmith,308
6587,Hellhound,80
6587,Blightwalker,70
6587,Juggernaut,67
6603,Demon Outcast,231
6603,Dark Torturer,166
6603,Plaguesmith,84
6603,Betrayed Wraith,57
6603,Hellhound,42
6603,Juggernaut,39
6646,Demon Outcast,228
6646,Dark Torturer,161
6646,Plaguesmith,86
6646,Betrayed Wraith,56
6646,Juggernaut,41
6646,Hellhound,41
6652,Demon Outcast,233
6652,Dark Torturer,174
6652,Plaguesmith,82
6652,Betrayed Wraith,55
6652,Hellhound,41
6652,Juggernaut,39
6677,Demon Outcast,740
6677,Dark Torturer,300
6677,Plaguesmith,288
6677,Hellhound,77
6677,Blightwalker,65
6677,Juggernaut,64
6703,Demon Outcast,344
6703,Dark Torturer,93
6703,Plaguesmith,74
6703,Nightmare,68
6703,Blightwalker,50
6703,Lost Soul,43
6703,Hellhound,10
6703,Juggernaut,1
6704,Demon Outcast,342
6704,Dark Torturer,95
6704,Plaguesmith,80
6704,Nightmare,66
6704,Blightwalker,50
6704,Lost Soul,41
6704,Hellhound,11
7265,Demon Outcast,343
7265,Dark Torturer,97
7265,Nightmare,75
7265,Plaguesmith,71
7265,Blightwalker,45
7265,Lost Soul,44
7265,Hellhound,11
10194,Choking Fear,347
10194,Retching Horror,327
10194,Frazzlemaw,179
10194,Silencer,135
10335,Frazzlemaw,247
10335,Silencer,239
10335,Guzzlemaw,174
10335,Shock Head,125
10750,Frazzlemaw,185
10750,Silencer,178
10750,Guzzlemaw,126
10750,Shock Head,86
27570,Terrorsleep,181
27570,Feversleep,131
30008,Terrorsleep,204
30008,Feversleep,148
30104,Terrorsleep,247
30104,Feversleep,190
32687,Frazzlemaw,14
32687,Silencer,6
32826,Frazzlemaw,620
32826,Silencer,490
32826,Guzzlemaw,291
33749,Frazzlemaw,325
33749,Silencer,232
33749,Guzzlemaw,142
34191,Frazzlemaw,375
34191,Silencer,298
34191,Guzzlemaw,166
35558,Frazzlemaw,995
35558,Silencer,829
35558,Guzzlemaw,495
35628,Frazzlemaw,1047
35628,Silencer,837
35628,Guzzlemaw,474
35733,Frazzlemaw,237
35733,Silencer,177
35733,Guzzlemaw,108
35733,Rotworm Queen,1
35874,Frazzlemaw,1047
35874,Silencer,833
35874,Guzzlemaw,459
35961,Frazzlemaw,1058
35961,Silencer,860
35961,Guzzlemaw,472
36173,Frazzlemaw,1081
36173,Silencer,852
36173,Guzzlemaw,461
36869,Frazzlemaw,1074
36869,Silencer,853
36869,Guzzlemaw,452
36869,Choking Fear,2
36869,Retching Horror,1
38260,Frazzlemaw,96
38260,Silencer,71
38260,Guzzlemaw,42
41852,Frazzlemaw,261
41852,Silencer,151
41852,Shock Head,37
42192,Frazzlemaw,256
42192,Silencer,146
42192,Shock Head,41
44612,Frazzlemaw,342
44612,Silencer,190
44612,Shock Head,59
45237,Frazzlemaw,385
45237,Silencer,326
45237,Guzzlemaw,208
45237,Shock Head,87
46048,Choking Fear,432
46048,Retching Horror,377
46048,Silencer,204
46233,Choking Fear,459
46233,Retching Horror,406
46233,Silencer,242
48935,Frazzlemaw,716
48935,Silencer,501
48935,Guzzlemaw,298
4914,Choking Fear,335
4914,Retching Horror,284
4914,Silencer,179
4948,Choking Fear,597
4948,Retching Horror,577
4948,Frazzlemaw,274
4948,Silencer,214
49879,Frazzlemaw,71
49879,Silencer,38
49879,Shock Head,4
51398,Frazzlemaw,664
51398,Silencer,540
51398,Guzzlemaw,340
51398,Sight of Surrender,2
52190,Retching Horror,373
52190,Choking Fear,350
52190,Frazzlemaw,150
52190,Silencer,142
52856,Choking Fear,1482
52856,Retching Horror,1304
52856,Silencer,629
52856,Frazzlemaw,444
52922,Choking Fear,1768
52922,Retching Horror,1525
52922,Silencer,771
52922,Frazzlemaw,495
53422,Retching Horror,1724
53422,Choking Fear,1658
53422,Frazzlemaw,835
53422,Silencer,557
54405,Choking Fear,1122
54405,Retching Horror,1109
54405,Frazzlemaw,532
54405,Silencer,412
54907,Frazzlemaw,259
54907,Silencer,218
54907,Guzzlemaw,118
55588,Frazzlemaw,586
55588,Silencer,457
55588,Guzzlemaw,268
55588,Sight of Surrender,1
55588,Retching Horror,1
8449,Choking Fear,316
8449,Retching Horror,282
8449,Silencer,156
8461,Retching Horror,233
8461,Choking Fear,232
8461,Frazzlemaw,124
8461,Silencer,101
29403,Serpent Spawn,222
29403,Behemoth,189
29403,Omnivora,151
29403,Clay Guardian,143
29403,Medusa,127
29403,Stone Golem,33
29403,Gargoyle,25
29403,Slime,5
29958,Serpent Spawn,242
29958,Behemoth,221
29958,Omnivora,214
29958,Medusa,194
29958,Clay Guardian,132
29958,Werehyaena,81
29958,Werehyaena Shaman,29
29958,Gargoyle,18
29958,Stone Golem,6
29958,Slime,2
32941,Omnivora,239
32941,Serpent Spawn,215
32941,Clay Guardian,214
32941,Behemoth,195
32941,Medusa,173
32941,Gargoyle,43
32941,Stone Golem,20
32941,Gorga,5
32941,Slime,1
33144,Omnivora,215
33144,Clay Guardian,181
33144,Serpent Spawn,175
33144,Behemoth,154
33144,Medusa,137
33144,Gargoyle,41
33144,Stone Golem,18
33144,Gorga,4
33222,Omnivora,311
33222,Serpent Spawn,267
33222,Clay Guardian,255
33222,Behemoth,239
33222,Medusa,207
33222,Gargoyle,59
33222,Stone Golem,27
33222,Gorga,6
33445,Eternal Guardian,92
33445,Medusa,86
33445,Hydra,70
33445,Serpent Spawn,43
33445,Giant Spider,5
33445,Centipede,5
34016,Serpent Spawn,77
34016,Medusa,45
34016,Quara Hydromancer Scout,14
34016,Tarantula,13
34016,Quara Mantassin Scout,10
34016,Giant Spider,7
34016,Quara Predator Scout,6
34016,Cobra,6
34016,Water Elemental,5
34016,Spider,5
34016,Skunk,4
34016,Scorpion,3
34016,Bog Raider,2
34016,Crocodile,2
34016,Quara Pincher Scout,2
34016,Crypt Shambler,1
34016,Slime,1
40956,Clay Guardian,101
40956,Omnivora,89
40956,Serpent Spawn,74
40956,Behemoth,61
40956,Medusa,44
40956,Stone Golem,39
40956,Gargoyle,28
40956,Slime,4
42429,Medusa,171
42429,Souleater,140
42429,Eternal Guardian,119
42429,Hydra,58
42429,Serpent Spawn,49
51555,Serpent Spawn,134
51555,Behemoth,98
51555,Medusa,77
51555,Clay Guardian,74
51555,Omnivora,73
51555,Gargoyle,4
51555,Stone Golem,2
53187,Serpent Spawn,116
53187,Behemoth,113
53187,Medusa,78
53187,Omnivora,70
53187,Clay Guardian,62
53187,Gargoyle,3
53187,Gorga,3
53187,Stone Golem,2
14650,Rustheap Golem,316
14650,Glooth Golem,282
14650,Devourer,237
14650,Rot Elemental,140
14650,Glooth Blob,1
30150,Rustheap Golem,68
30150,Glooth Golem,58
30150,Devourer,58
30150,Rot Elemental,38
30153,Rustheap Golem,164
30153,Glooth Golem,149
30153,Devourer,140
30153,Rot Elemental,82
30155,Rustheap Golem,174
30155,Glooth Golem,147
30155,Devourer,109
30155,Rot Elemental,80
30160,Rustheap Golem,171
30160,Glooth Golem,136
30160,Devourer,121
30160,Rot Elemental,85
30406,Rustheap Golem,426
30406,Glooth Golem,354
30406,Devourer,329
30406,Rot Elemental,164
30431,Rustheap Golem,407
30431,Glooth Golem,357
30431,Devourer,322
30431,Rot Elemental,142
33477,Glooth Anemone,375
33477,Devourer,137
33477,Drillworm,108
33477,Behemoth,65
33477,Elder Wyrm,62
33477,Wyrm,34
33477,Blood Beast,27
33481,Glooth Anemone,366
33481,Devourer,153
33481,Drillworm,124
33481,Behemoth,65
33481,Elder Wyrm,55
33481,Blood Beast,32
33481,Wyrm,19
33657,Glooth Anemone,392
33657,Devourer,156
33657,Drillworm,125
33657,Behemoth,70
33657,Elder Wyrm,66
33657,Blood Beast,36
33657,Wyrm,27
34715,Glooth Bandit,216
34715,Glooth Brigand,214
36882,Glooth Brigand,126
36882,Glooth Bandit,100
36882,Glooth Blob,3
36882,Rot Elemental,2
36882,Glooth Anemone,1
42631,Glooth Bandit,84
42631,Glooth Brigand,76
43891,Glooth Bandit,384
43891,Glooth Brigand,352
50905,Rot Elemental,209
50905,Glooth Blob,208
50905,Blood Beast,155
50905,Devourer,139
53434,Rot Elemental,373
53434,Glooth Blob,348
53434,Devourer,163
53434,Blood Beast,110
53639,Rustheap Golem,174
53639,Glooth Golem,142
53639,Devourer,111
53639,Rot Elemental,78
53639,Quara Hydromancer Scout,3
53639,Quara Constrictor Scout,3
53639,Quara Predator Scout,2
53639,Quara Pincher Scout,2
53639,Blood Beast,1
7463,Glooth Bandit,306
7463,Glooth Brigand,304
7463,Rustheap Golem,2
7463,Metal Gargoyle,2
7463,Rot Elemental,1
7508,Glooth Brigand,378
7508,Glooth Bandit,341
33445,Eternal Guardian,92
33445,Medusa,86
33445,Hydra,70
33445,Serpent Spawn,43
33445,Giant Spider,5
33445,Centipede,5
33624,Medusa,163
33624,Souleater,150
33624,Serpent Spawn,142
33624,Eternal Guardian,102
33624,Hydra,101
33624,Tarantula,1
33624,Centipede,1
33624,Carniphila,1
37089,Medusa,149
37089,Souleater,120
37089,Serpent Spawn,106
37089,Hydra,80
37089,Eternal Guardian,76
37100,Medusa,149
37100,Souleater,113
37100,Serpent Spawn,111
37100,Eternal Guardian,82
37100,Hydra,81
40692,Medusa,264
40692,Souleater,226
40692,Serpent Spawn,154
40692,Eternal Guardian,145
40692,Hydra,113
42429,Medusa,171
42429,Souleater,140
42429,Eternal Guardian,119
42429,Hydra,58
42429,Serpent Spawn,49
46285,Hydra,251
46285,Serpent Spawn,243
46285,Medusa,217
46285,Eternal Guardian,155
46285,Souleater,145
46285,Centipede,24
46285,Earth Elemental,17
46285,Acid Blob,15
46285,Giant Spider,8
46285,Ice Golem,5
46285,Skunk,5
46285,Frost Dragon,4
46285,Behemoth,4
46285,Poison Spider,3
46285,Tarantula,3
46285,Bug,3
46285,Nightmare,2
46285,Hellspawn,2
46285,Ghastly Dragon,2
46285,Bat,2
46285,Phantasm,1
46285,Flamingo,1
46285,Cave Rat,1
46285,Carniphila,1
46285,Water Elemental,1
47482,Serpent Spawn,204
47482,Hydra,131
47482,Eternal Guardian,111
47482,Giant Spider,45
47482,Acid Blob,35
47482,Medusa,29
47482,Centipede,20
47482,Bonebeast,12
47482,Fire Elemental,10
47482,Earth Elemental,8
47482,Massive Fire Elemental,2
49066,Medusa,182
49066,Souleater,177
49066,Eternal Guardian,135
49066,Serpent Spawn,130
49066,Hydra,83
49066,Werelion,25
49066,Werelioness,23
49066,White Lion,12
49066,Terrified Elephant,10
49066,Scarab,6
49066,Bat,5
49066,Ancient Scarab,4
49066,Bonebeast,4
49066,Larva,3
49066,Bear,2
49066,Nomad,2
49066,Wolf,2
49066,Frost Troll,1
49066,Centipede,1
49066,Hyaena,1
49066,Scorpion,1
49066,The Noxious Spawn,1
49066,Gorgo,1
9590,Hydra,74
9590,Serpent Spawn,56
9590,Souleater,51
9590,Medusa,49
9590,Eternal Guardian,30
9590,Earth Elemental,14
9590,Behemoth,12
9590,Hellspawn,8
9590,Nightmare,7
9590,Phantasm,4
