id,url,spawn,hunt_date,duration,minutes,party_size,party_comp,min_lvl,max_lvl,avg_lvl,has_creature_stats,xp_gain,raw_xp_gain,balance,supplies_total,loot_total,supplies_known,xp_h,raw_xp_h,balance_h,loot_h,query_min,query_max,query_party,query_search
29403,https://www.hunt-analyser.com/hunt_sessions/29403,medusa tower,"May 01, 2025 12:59",01:07h,67,2,EM 178+MS 135,135,178,156,1,1819412,1213120,-290515,617865,327350,1,1629324,1086376,-260163,293149.0,0,0,,medusa
29958,https://www.hunt-analyser.com/hunt_sessions/29958,MEDUSA TOWER X2 EM+EK,"May 12, 2025 17:25",01:31h,91,2,EM 174+EK 176,174,176,175,1,2505722,1670703,255971,365427,621398,1,1652124,1101562,168772,409713.0,0,0,,medusa
32941,https://www.hunt-analyser.com/hunt_sessions/32941,Medusa Tower,"Jul 16, 2025 23:00",00:50h,50,1,EK 352,352,352,352,1,3278850,2185901,273171,249300,522471,1,3934620,2623081,327805,626965.0,0,0,,medusa
33144,https://www.hunt-analyser.com/hunt_sessions/33144,Medusa Tower,"Jul 19, 2025 16:30",00:40h,40,1,EK 358,358,358,358,1,2639445,1759632,251148,178108,429256,1,3959167,2639448,376722,643884.0,0,0,,medusa
33222,https://www.hunt-analyser.com/hunt_sessions/33222,Medusa Tower,"Jul 20, 2025 22:53",01:00h,60,1,EK 362,362,362,362,1,4018034,2678690,439362,257868,697230,1,4018034,2678690,439362,697230.0,0,0,,medusa
33445,https://www.hunt-analyser.com/hunt_sessions/33445,2. Hydra Medusa Serpent Spawn Deep Banuta,"Jul 24, 2025 17:09",00:42h,42,1,EM 182,182,182,182,1,1197112,798075,60469,184298,244767,1,1710160,1140107,86384,349667.0,0,0,,medusa
34016,https://www.hunt-analyser.com/hunt_sessions/34016,goroma medusa & serpent spawn,"Aug 03, 2025 10:42",01:23h,83,0,,,,,1,872773,0,16394,0,16394,0,630920,0,11851,11851.0,0,0,,medusa
40956,https://www.hunt-analyser.com/hunt_sessions/40956,Medusa Tower - RP 229 (150%),"Dec 09, 2025 16:04",00:31h,31,1,RP 228,228,228,228,1,1518331,0,44256,151363,195619,1,2938705,0,85656,378617.0,0,0,,medusa
42429,https://www.hunt-analyser.com/hunt_sessions/42429,Deep Banuta -8,"Jan 14, 2026 00:23",00:38h,38,0,,,,,1,2041545,1361030,278083,0,278083,0,3223492,2148994,439078,439078.0,0,0,,medusa
51555,https://www.hunt-analyser.com/hunt_sessions/51555,Medusa Tower,"Jul 18, 2026 10:39",00:38h,38,1,ED 407,407,407,407,1,1577974,1051983,275617,39974,315591,1,2491537,1661025,435184,498302.0,0,0,,medusa
53187,https://www.hunt-analyser.com/hunt_sessions/53187,Medusa Tower,"Aug 07, 2026 00:20",00:41h,41,1,EK 265,265,265,265,1,1607641,1071760,167980,78322,246302,1,2352645,1568429,245824,360442.0,0,0,,medusa
10194,https://www.hunt-analyser.com/hunt_sessions/10194,Roshamuul Depot,"Nov 20, 2024 04:39",01:13h,73,1,EK 591,591,591,591,1,4765314,4381654,763930,515115,1279045,1,3916696,3601359,627887,1051270.0,0,0,,roshamuul
10335,https://www.hunt-analyser.com/hunt_sessions/10335,RP Solo Roshamuul After Bones,"Nov 21, 2024 17:29",00:49h,49,1,RP 567,567,567,567,1,6716263,3480591,368044,491425,859469,1,8223995,4261948,450666,1052411.0,0,0,,roshamuul
10750,https://www.hunt-analyser.com/hunt_sessions/10750,RP Solo Roshamuul After Bones,"Nov 26, 2024 18:05",00:34h,34,1,RP 568,568,568,568,1,3832960,2555308,313981,316198,630179,1,6764047,4509367,554084,1112081.0,0,0,,roshamuul
27570,https://www.hunt-analyser.com/hunt_sessions/27570,Roshamuul Mines - Terrorsleep,"Mar 21, 2025 23:38",00:22h,22,1,RP 33,33,33,33,1,22,1,693,132,825,1,60,2,1890,2250.0,0,0,,roshamuul
30008,https://www.hunt-analyser.com/hunt_sessions/30008,Roshamuul Mines 1,"May 14, 2025 01:11",01:00h,60,1,RP 466,466,466,466,1,3849095,2253999,208385,445466,653851,1,3849095,2253999,208385,653851.0,0,0,,roshamuul
30104,https://www.hunt-analyser.com/hunt_sessions/30104,Roshamuul Mines 2,"May 16, 2025 00:23",01:00h,60,1,RP 467,467,467,467,1,6267634,2785552,348337,433316,781653,1,6267634,2785552,348337,781653.0,0,0,,roshamuul
32687,https://www.hunt-analyser.com/hunt_sessions/32687,roshamuul con familiar,"Jul 12, 2025 10:25",00:22h,22,0,,,,,1,124440,0,2499,0,2499,0,339381,0,6815,6815.0,0,0,,roshamuul
32826,https://www.hunt-analyser.com/hunt_sessions/32826,Roshamuul west,"Jul 15, 2025 20:54",01:01h,61,1,RP 818,818,818,818,1,11617061,6778791,1108084,514656,1622740,1,11426617,6667663,1089918,1596138.0,0,0,,roshamuul
33749,https://www.hunt-analyser.com/hunt_sessions/33749,Roshamuul West,"Jul 28, 2025 18:59",00:43h,43,1,RP 589,589,589,589,1,4914005,3276116,638791,442036,1080827,1,6856751,4571324,891336,1508131.0,0,0,,roshamuul
34191,https://www.hunt-analyser.com/hunt_sessions/34191,Roshamuul West,"Aug 06, 2025 18:48",00:46h,46,1,RP 592,592,592,592,1,5944215,3962935,840066,442986,1283052,1,7753323,5169045,1095738,1673546.0,0,0,,roshamuul
35558,https://www.hunt-analyser.com/hunt_sessions/35558,Roshamuul West,"Aug 29, 2025 07:12",02:11h,131,1,RP 557,557,557,557,1,30174822,11363436,1824998,1361996,3186994,1,13820529,5204627,835876,1459692.0,0,0,,roshamuul
35628,https://www.hunt-analyser.com/hunt_sessions/35628,Roshamuul West,"Aug 30, 2025 06:40",02:11h,131,1,RP 559,559,559,559,1,30661662,11503798,1818157,1463846,3282003,1,14043509,5268915,832743,1503207.0,0,0,,roshamuul
35733,https://www.hunt-analyser.com/hunt_sessions/35733,Roshamuul West,"Aug 31, 2025 19:25",00:49h,49,1,RP 563,563,563,563,1,5667728,2540662,324273,368714,692987,1,6940075,3111014,397068,848556.0,0,0,,roshamuul
35874,https://www.hunt-analyser.com/hunt_sessions/35874,Roshamuul West,"Sep 02, 2025 14:15",02:05h,125,1,RP 563,563,563,563,1,30430830,11393636,1611122,1447072,3058194,1,14606798,5468945,773338,1467933.0,0,0,,roshamuul
35961,https://www.hunt-analyser.com/hunt_sessions/35961,Roshamuul West,"Sep 03, 2025 15:27",02:15h,135,1,RP 565,565,565,565,1,31051389,11651723,1775293,1431541,3206834,1,13800617,5178543,789019,1425260.0,0,0,,roshamuul
36173,https://www.hunt-analyser.com/hunt_sessions/36173,Roshamuul West,"Sep 06, 2025 04:20",02:12h,132,1,RP 572,572,572,572,1,50384859,11631082,1675127,1387035,3062162,1,22902208,5286855,761421,1391892.0,0,0,,roshamuul
36869,https://www.hunt-analyser.com/hunt_sessions/36869,Roshamuul West,"Sep 18, 2025 13:14",02:05h,125,1,RP 591,591,591,591,1,30931156,11565859,1819299,1361997,3181296,1,14846954,5551612,873263,1527022.0,0,0,,roshamuul
38260,https://www.hunt-analyser.com/hunt_sessions/38260,Roshamuul West - First run,"Oct 14, 2025 11:39",00:18h,18,1,RP 502,502,502,502,1,1472261,981508,100172,169248,269420,1,4907536,3271693,333906,898067.0,0,0,,roshamuul
41852,https://www.hunt-analyser.com/hunt_sessions/41852,Lower Roshamuul,"Dec 28, 2025 20:23",00:35h,35,1,RP 425,425,425,425,1,5495142,1831714,264192,319366,583558,1,9420243,3140081,452900,1000385.0,0,0,,roshamuul
42192,https://www.hunt-analyser.com/hunt_sessions/42192,Lower Roshamuul,"Jan 08, 2026 01:59",00:32h,32,1,RP 433,433,433,433,1,3099974,1797215,369481,277285,646766,1,5812451,3369778,692776,1212686.0,0,0,,roshamuul
44612,https://www.hunt-analyser.com/hunt_sessions/44612,Lower Roshamuul,"Mar 08, 2026 12:02",00:47h,47,1,RP 442,442,442,442,1,7174050,2391350,470759,382720,853479,1,9158361,3052787,600968,1089548.0,0,0,,roshamuul
45237,https://www.hunt-analyser.com/hunt_sessions/45237,After/West Roshamuul,"Mar 24, 2026 07:23",01:06h,66,1,EK 724,724,724,724,1,5929354,4561916,1071222,295504,1366726,1,5390321,4147196,973838,1242478.0,0,0,,roshamuul
46048,https://www.hunt-analyser.com/hunt_sessions/46048,Upper Roshamuul (North Depot),"Apr 15, 2026 09:47",01:00h,60,1,EK 737,737,737,737,1,4658037,4658037,1323680,248004,1571684,1,4658037,4658037,1323680,1571684.0,0,0,,roshamuul
46233,https://www.hunt-analyser.com/hunt_sessions/46233,(First Hunt) Upper Roshamuul - Nort DP,"Apr 19, 2026 18:05",01:01h,61,1,EK 739,739,739,739,1,5109301,5109301,1456981,315459,1772440,1,5025541,5025541,1433096,1743384.0,0,0,,roshamuul
48935,https://www.hunt-analyser.com/hunt_sessions/48935,Roshamuul West,"Jun 18, 2026 18:24",01:00h,60,1,RP 491,491,491,491,1,15774332,7042928,1795163,415225,2210388,1,15774332,7042928,1795163,2210388.0,0,0,,roshamuul
4914,https://www.hunt-analyser.com/hunt_sessions/4914,Upper Roshamuul Depot,"Sep 11, 2024 09:35",01:03h,63,1,EK 559,559,559,559,1,5652800,3653680,843683,367891,1211574,1,5383619,3479695,803507,1153880.0,0,0,,roshamuul
4948,https://www.hunt-analyser.com/hunt_sessions/4948,Roshamuul Depot,"Sep 12, 2024 01:38",02:15h,135,1,EK 560,560,560,560,1,7275164,7275156,1248026,953321,2201347,1,3233406,3233402,554678,978376.0,0,0,,roshamuul
49879,https://www.hunt-analyser.com/hunt_sessions/49879,Roshamuul,"Jun 28, 2026 16:39",00:21h,21,1,RP 335,335,335,335,1,1054215,0,78990,94032,173022,1,3012042,0,225685,494349.0,0,0,,roshamuul
51398,https://www.hunt-analyser.com/hunt_sessions/51398,Roshamuul West,"Jul 16, 2026 11:02",01:05h,65,1,RP 811,811,811,811,1,11153375,7435764,1912774,391560,2304334,1,10295423,6863782,1765637,2127078.0,0,0,,roshamuul
52190,https://www.hunt-analyser.com/hunt_sessions/52190,North Roshamuul (South - SOLO RP),"Jul 27, 2026 03:22",00:30h,30,1,RP 910,910,910,910,1,8067901,5794852,2359925,268348,2628273,1,16135802,11589704,4719850,5256546.0,0,0,,roshamuul
52856,https://www.hunt-analyser.com/hunt_sessions/52856,Roshamuul DP,"Aug 03, 2026 16:41",02:06h,126,1,RP 1097,1097,1097,1097,1,26839545,17893030,5426850,511565,5938415,1,12780735,8520490,2584214,2827817.0,0,0,,roshamuul
52922,https://www.hunt-analyser.com/hunt_sessions/52922,Roshamuul DP,"Aug 04, 2026 13:13",02:21h,141,1,RP 1098,1098,1098,1098,1,31771455,21180971,6144816,589882,6734698,1,13519768,9013179,2614815,2865829.0,0,0,,roshamuul
53422,https://www.hunt-analyser.com/hunt_sessions/53422,Roshamuul DP,"Aug 09, 2026 18:31",02:17h,137,1,RP 1100,1100,1100,1100,1,39647914,21712797,6239121,818261,7057382,1,17364049,9509254,2732461,3090824.0,0,0,,roshamuul
54405,https://www.hunt-analyser.com/hunt_sessions/54405,Upper Roshamuul,"Aug 19, 2026 05:10",02:00h,120,1,RP 793,793,793,793,1,30510848,14489676,3699519,1167418,4866937,1,15255424,7244838,1849759,2433468.0,0,0,,roshamuul
54907,https://www.hunt-analyser.com/hunt_sessions/54907,Roshamuul West,"Aug 24, 2026 14:35",00:29h,29,1,RP 467,467,467,467,1,4167527,2778352,508689,278025,786714,1,8622469,5748314,1052460,1627684.0,0,0,,roshamuul
55588,https://www.hunt-analyser.com/hunt_sessions/55588,West Roshamuul (SOLO RP),"Sep 01, 2026 03:31",00:47h,47,1,RP 932,932,932,932,1,16956936,10559689,1557798,342076,1899874,1,21647152,13480454,1988678,2425371.0,0,0,,roshamuul
8449,https://www.hunt-analyser.com/hunt_sessions/8449,Upper Roshamuul Depot,"Nov 07, 2024 03:22",01:01h,61,1,EK 585,585,585,585,1,3497535,3497535,545285,454078,999363,1,3440198,3440198,536345,982980.0,0,0,,roshamuul
8461,https://www.hunt-analyser.com/hunt_sessions/8461,Roshamuul Depot,"Nov 07, 2024 04:27",01:04h,64,1,EK 585,585,585,585,1,3065508,3065508,434535,458226,892761,1,2873913,2873913,407376,836963.0,0,0,,roshamuul
27533,https://www.hunt-analyser.com/hunt_sessions/27533,Azillion -3 -4 trio (Demon event),"Mar 21, 2025 10:06",03:31h,211,3,RP 1159+ED 1007+EK 1037,1007,1159,1068,1,170068088,63420761,8865006,5490097,14355103,1,48360593,18034339,2520854,4082020.0,0,0,,demon
27578,https://www.hunt-analyser.com/hunt_sessions/27578,Pumin Seal Demon boost 01,"Mar 21, 2025 21:26",00:52h,52,2,MS 692+EK 770,692,770,731,1,8121925,5414617,1650373,478404,2128777,1,9371451,6247635,1904276,2456281.0,0,0,,demon
30031,https://www.hunt-analyser.com/hunt_sessions/30031,Burster Spectre #25,"May 14, 2025 14:06",01:22h,82,1,EK 472,472,472,472,1,20550101,5726898,596042,336472,932514,1,15036659,4190413,436128,682327.0,0,0,,demon
30034,https://www.hunt-analyser.com/hunt_sessions/30034,Burster Spectre #26,"May 14, 2025 16:36",01:16h,76,1,EK 474,474,474,474,1,18864297,5597496,525854,310210,836064,1,14892866,4419075,415147,660051.0,0,0,,demon
37250,https://www.hunt-analyser.com/hunt_sessions/37250,Abandoned Sewers,"Sep 25, 2025 18:30",00:26h,26,1,RP 449,449,449,449,1,1822821,1215215,194223,191091,385314,1,4206510,2804342,448206,889186.0,0,0,,demon
38400,https://www.hunt-analyser.com/hunt_sessions/38400,Prison -3 Demon Boost 03,"Oct 17, 2025 01:05",01:47h,107,2,MS 800+EK 821,800,821,810,1,39721381,15472459,4378187,622851,5001038,1,22273671,8676145,2455058,2804320.0,0,0,,demon
38570,https://www.hunt-analyser.com/hunt_sessions/38570,Abandoned Sewers,"Oct 21, 2025 04:59",00:58h,58,1,RP 467,467,467,467,1,5019680,3346457,426867,373028,799895,1,5192772,3461852,441586,827478.0,0,0,,demon
38912,https://www.hunt-analyser.com/hunt_sessions/38912,Abandoned Sewers,"Oct 28, 2025 14:30",00:28h,28,1,RP 471,471,471,471,1,2038762,1359176,303994,184308,488302,1,4368775,2912520,651415,1046361.0,0,0,,demon
41046,https://www.hunt-analyser.com/hunt_sessions/41046,INQ Demon Forge (The Well of Souls),"Dec 11, 2025 15:40",01:04h,64,1,EK 434,434,434,434,1,1514454,1514454,310019,165806,475825,1,1419800,1419800,290642,446086.0,0,0,,demon
41091,https://www.hunt-analyser.com/hunt_sessions/41091,Oramond Demons,"Dec 12, 2025 15:01",01:06h,66,1,EK 435,435,435,435,1,1699350,1699350,647945,219190,867135,1,1544863,1544863,589040,788305.0,0,0,,demon
41940,https://www.hunt-analyser.com/hunt_sessions/41940,demons edron square,"Dec 31, 2025 18:02",01:01h,61,0,,,,,1,545445,0,70303,0,70303,0,536503,0,69150,69150.0,0,0,,demon
42139,https://www.hunt-analyser.com/hunt_sessions/42139,Oramond Sewers,"Jan 06, 2026 16:22",00:38h,38,1,RP 431,431,431,431,1,3718935,1723298,819524,311068,1130592,1,5872002,2720996,1293985,1785145.0,0,0,,demon
42159,https://www.hunt-analyser.com/hunt_sessions/42159,Oramond Sewers,"Jan 07, 2026 03:54",00:30h,30,1,RP 432,432,432,432,1,2966692,1383795,885927,248746,1134673,1,5933384,2767590,1771854,2269346.0,0,0,,demon
42161,https://www.hunt-analyser.com/hunt_sessions/42161,Oramond Sewers,"Jan 07, 2026 04:51",00:36h,36,1,RP 432,432,432,432,1,3650064,1683378,565659,300050,865709,1,6083440,2805630,942765,1442848.0,0,0,,demon
43200,https://www.hunt-analyser.com/hunt_sessions/43200,demon edron,"Feb 02, 2026 23:40",01:18h,78,0,,,,,1,586327,0,165267,0,165267,0,451020,0,127128,127128.0,0,0,,demon
43631,https://www.hunt-analyser.com/hunt_sessions/43631,demon edron,"Feb 15, 2026 22:41",00:33h,33,0,,,,,1,266700,0,43729,0,43729,0,484909,0,79507,79507.0,0,0,,demon
44540,https://www.hunt-analyser.com/hunt_sessions/44540,Catedral -1,"Mar 07, 2026 12:54",00:29h,29,2,ED 451+EK 373,373,451,412,1,5055219,1685073,407242,232929,640171,1,10459073,3486357,842569,1324492.0,0,0,,demon
44985,https://www.hunt-analyser.com/hunt_sessions/44985,Goana Esquerda,"Mar 17, 2026 22:32",00:54h,54,4,ED 469+EM 438+EK 410+RP 390,390,469,427,1,8481496,5654371,956219,1592883,2549102,1,9423884,6282634,1062465,2832336.0,0,0,,demon
45098,https://www.hunt-analyser.com/hunt_sessions/45098,catacombs demon boosted (de novo) x2,"Mar 20, 2026 16:30",00:31h,31,2,RP 490+MS 432,432,490,461,1,5156811,2305617,563851,315254,879105,1,9980924,4462484,1091324,1701494.0,0,0,,demon
45101,https://www.hunt-analyser.com/hunt_sessions/45101,catacombs demon boosted (de novo) x2,"Mar 20, 2026 16:30",00:31h,31,2,RP 490+MS 432,432,490,461,1,2575314,2324558,563851,315254,879105,1,4984478,4499144,1091324,1701494.0,0,0,,demon
45112,https://www.hunt-analyser.com/hunt_sessions/45112,Grounds of Fire (Infernatil),"Mar 20, 2026 23:05",01:02h,62,1,ED 1292,1292,1292,1292,1,23394793,10414859,1845374,165880,2011254,1,22640122,10078895,1785845,1946375.0,0,0,,demon
47295,https://www.hunt-analyser.com/hunt_sessions/47295,iks occ (Mitmah Seers),"May 14, 2026 10:40",00:33h,33,1,RP 618,618,618,618,1,7823491,3973958,435664,231429,667093,1,14224529,7225378,792116,1212896.0,0,0,,demon
47353,https://www.hunt-analyser.com/hunt_sessions/47353,Rootthings -2 (Podzilla),"May 15, 2026 09:21",01:30h,90,4,MS 858+ED 977+EK 984+RP 940,858,984,940,1,49483492,18008471,5374962,2380888,7755850,1,32988994,12005647,3583308,5170567.0,0,0,,demon
47363,https://www.hunt-analyser.com/hunt_sessions/47363,Rootthings -2 (Podzilla),"May 15, 2026 11:19",01:29h,89,4,MS 858+ED 977+EK 984+RP 940,858,984,940,1,47125705,16986934,4727195,2415805,7143000,1,31770138,11451865,3186873,4815506.0,0,0,,demon
47423,https://www.hunt-analyser.com/hunt_sessions/47423,DT -1 (VEX BOUNTY),"May 16, 2026 08:17",01:01h,61,1,EK 1172,1172,1172,1172,1,13661487,6916296,1985338,391181,2376519,1,13437528,6802914,1952791,2337560.0,0,0,,demon
47433,https://www.hunt-analyser.com/hunt_sessions/47433,Rootthings -2 (Podzilla),"May 16, 2026 09:18",01:32h,92,4,MS 860+ED 980+EK 986+RP 942,860,986,942,1,58913380,19322915,5391511,2691089,8082600,1,38421769,12601901,3516202,5271261.0,0,0,,demon
47436,https://www.hunt-analyser.com/hunt_sessions/47436,Rootthings -2 (Podzilla),"May 16, 2026 11:13",01:26h,86,4,MS 860+ED 980+EK 986+RP 942,860,986,942,1,49721593,17364248,4709267,2437583,7146850,1,34689483,12114591,3285535,4986174.0,0,0,,demon
47458,https://www.hunt-analyser.com/hunt_sessions/47458,WZ 8 (SD BOUNTY),"May 16, 2026 19:26",01:02h,62,1,EK 1173,1173,1173,1173,1,12984059,6975658,2847878,407608,3255486,1,12565218,6750636,2756010,3150470.0,0,0,,demon
47548,https://www.hunt-analyser.com/hunt_sessions/47548,Rootthings -2 (Podzilla),"May 18, 2026 09:17",01:28h,88,4,MS 866+ED 984+EK 990+RP 948,866,990,947,1,50473265,18251179,4720965,2730085,7451050,1,34413589,12443985,3218839,5080261.0,0,0,,demon
48650,https://www.hunt-analyser.com/hunt_sessions/48650,Demons Edron,"Jun 13, 2026 18:06",00:56h,56,1,RP 328,328,328,328,1,441514,0,71450,38607,110057,1,473050,0,76553,117918.0,0,0,,demon
49294,https://www.hunt-analyser.com/hunt_sessions/49294,cobra bastion,"Jun 21, 2026 20:31",01:08h,68,1,EK 652,652,652,652,1,21274669,8404478,901729,905277,1807006,1,18771766,7415715,795643,1594417.0,0,0,,demon
49641,https://www.hunt-analyser.com/hunt_sessions/49641,Feru way,"Jun 26, 2026 11:53",01:09h,69,1,RP 845,845,845,845,1,16747695,7443396,2555183,552829,3108012,1,14563213,6472518,2221898,2702619.0,0,0,,demon
50901,https://www.hunt-analyser.com/hunt_sessions/50901,Demon Goroma,"Jul 10, 2026 13:57",01:01h,61,1,EK 351,351,351,351,1,1393110,928740,506861,117496,624357,1,1370272,913514,498551,614122.0,0,0,,demon
50923,https://www.hunt-analyser.com/hunt_sessions/50923,demons Oramond 30 minutes,"Jul 10, 2026 18:00",01:00h,60,1,ED 474,474,474,474,1,1248870,832580,252470,74569,327039,1,1248870,832580,252470,327039.0,0,0,,demon
50928,https://www.hunt-analyser.com/hunt_sessions/50928,demons goroma 30m,"Jul 10, 2026 19:25",00:28h,28,1,ED 474,474,474,474,1,858516,572344,305579,36492,342071,1,1839677,1226451,654812,733009.0,0,0,,demon
52228,https://www.hunt-analyser.com/hunt_sessions/52228,Caminho de Ferumbras,"Jul 27, 2026 16:26",00:45h,45,1,RP 1012,1012,1012,1012,1,8305962,5881722,1594115,371485,1965600,1,11074616,7842296,2125486,2620800.0,0,0,,demon
6677,https://www.hunt-analyser.com/hunt_sessions/6677,Prison -3 Demon Boost 02,"Oct 20, 2024 12:35",01:10h,70,2,MS 633+EK 711,633,711,672,1,18245028,8511981,2193999,629394,2823393,1,15638595,7295983,1880570,2420051.0,0,0,,demon
6703,https://www.hunt-analyser.com/hunt_sessions/6703,Prison -1,"Oct 21, 2024 06:50",01:00h,60,1,EK 632,632,632,632,1,5399416,3599748,727926,280937,1008863,1,5399416,3599748,727926,1008863.0,0,0,,demon
6704,https://www.hunt-analyser.com/hunt_sessions/6704,Prison -1,"Oct 21, 2024 08:04",01:00h,60,1,EK 632,632,632,632,1,5401530,3601157,930323,333151,1263474,1,5401530,3601157,930323,1263474.0,0,0,,demon
7265,https://www.hunt-analyser.com/hunt_sessions/7265,Prison -1,"Oct 28, 2024 21:37",01:01h,61,1,EK 640,640,640,640,1,5378795,3586003,856295,312972,1169267,1,5290618,3527216,842257,1150099.0,0,0,,demon
43152,https://www.hunt-analyser.com/hunt_sessions/43152,Asura Palace,"Feb 01, 2026 23:38",00:44h,44,3,EM 161+ED 181+EK 156,156,181,166,1,1902182,940268,65933,407408,473341,1,2593884,1282183,89908,645465.0,0,0,,asura
43568,https://www.hunt-analyser.com/hunt_sessions/43568,Asura Mirror,"Feb 14, 2026 02:54",00:34h,34,1,RP 556,556,556,556,1,4875025,3658769,187848,269163,457011,1,8602985,6456651,331496,806490.0,0,0,,asura
43880,https://www.hunt-analyser.com/hunt_sessions/43880,True asuras,"Feb 21, 2026 20:20",01:12h,72,2,EK 606+ED 605,605,606,606,1,7523357,5129984,2235912,716944,2952856,1,6269464,4274986,1863260,2460713.0,0,0,,asura
43904,https://www.hunt-analyser.com/hunt_sessions/43904,True asuras,"Feb 22, 2026 11:35",01:42h,102,2,EK 607+ED 606,606,607,606,1,11845456,7947595,3625324,1062312,4687636,1,6967915,4675055,2132543,2757433.0,0,0,,asura
44004,https://www.hunt-analyser.com/hunt_sessions/44004,True asuras,"Feb 24, 2026 21:13",02:01h,121,2,EK 608+ED 608,608,608,608,1,23697068,8994130,3816274,1289128,5105402,1,11750612,4459899,1892367,2531604.0,0,0,,asura
44100,https://www.hunt-analyser.com/hunt_sessions/44100,True Asura [2/26],"Feb 26, 2026 13:55",03:08h,188,3,ED 630+EK 633+RP 560,560,633,608,1,41031736,0,7156277,1982020,9138297,1,13095234,0,2283918,2916478.0,0,0,,asura
44269,https://www.hunt-analyser.com/hunt_sessions/44269,True asuras,"Mar 02, 2026 18:04",01:31h,91,2,EK 609+ED 609,609,609,609,1,11575138,7717197,3517255,968966,4486221,1,7631959,5088261,2319069,2957948.0,0,0,,asura
44317,https://www.hunt-analyser.com/hunt_sessions/44317,True asuras,"Mar 03, 2026 18:13",01:48h,108,2,EK 611+ED 611,611,611,611,0,0,0,4196427,1052735,5249162,1,0,0,2331348,2916201.0,0,0,,asura
44407,https://www.hunt-analyser.com/hunt_sessions/44407,True asuras,"Mar 05, 2026 21:55",00:52h,52,2,EK 612+ED 612,612,612,612,1,12487019,4461244,2026037,493259,2519296,1,14408098,5147589,2337735,2906880.0,0,0,,asura
44487,https://www.hunt-analyser.com/hunt_sessions/44487,True asuras,"Mar 06, 2026 21:07",02:26h,146,2,EK 613+ED 613,613,613,613,1,49033383,12472501,6403066,1386306,7789372,1,20150705,5125685,2631396,3201112.0,0,0,,asura
44520,https://www.hunt-analyser.com/hunt_sessions/44520,True asuras,"Mar 07, 2026 08:49",01:02h,62,2,ED 615+EK 613,613,615,614,1,16495206,5291508,3080517,589838,3670355,1,15963102,5120814,2981145,3551956.0,0,0,,asura
44528,https://www.hunt-analyser.com/hunt_sessions/44528,True Asura [3/7],"Mar 07, 2026 04:36",03:10h,190,3,ED 638+RP 576+EK 642,576,642,619,1,53189338,12595873,7137968,1981931,9119899,1,16796633,3977644,2254095,2879968.0,0,0,,asura
44547,https://www.hunt-analyser.com/hunt_sessions/44547,True asuras,"Mar 07, 2026 17:30",01:58h,118,3,EK 616+ED 616+RP 570,570,616,601,1,32188030,8241699,3552452,1981524,5533976,1,16366794,4190694,1806331,2813886.0,0,0,,asura
44738,https://www.hunt-analyser.com/hunt_sessions/44738,True asuras,"Mar 11, 2026 21:02",01:21h,81,3,ED 619+EK 619+RP 575,575,619,604,1,15802963,6992547,4226210,1224639,5450849,1,11705898,5179664,3130525,4037666.0,0,0,,asura
44775,https://www.hunt-analyser.com/hunt_sessions/44775,True asuras,"Mar 12, 2026 21:37",01:48h,108,3,EK 620+ED 620+RP 577,577,620,606,1,18959052,8625921,5023406,1482045,6505451,1,10532806,4792178,2790781,3614139.0,0,0,,asura
45059,https://www.hunt-analyser.com/hunt_sessions/45059,True asuras,"Mar 19, 2026 20:28",02:11h,131,2,EK 623+ED 623,623,623,623,1,22265687,9873897,4739182,1104421,5843603,1,10198024,4522395,2170617,2676459.0,0,0,,asura
45100,https://www.hunt-analyser.com/hunt_sessions/45100,True asuras,"Mar 20, 2026 19:25",01:39h,99,2,EK 624+ED 624,624,624,624,1,27529577,13280415,3981838,1022144,5003982,1,16684592,8048736,2413235,3032716.0,0,0,,asura
45127,https://www.hunt-analyser.com/hunt_sessions/45127,True asuras,"Mar 21, 2026 16:04",03:15h,195,2,EK 626+ED 626,626,626,626,1,54346880,24604576,9466459,1604817,11071276,1,16722116,7570638,2912756,3406546.0,0,0,,asura
45156,https://www.hunt-analyser.com/hunt_sessions/45156,True asuras,"Mar 22, 2026 10:42",01:23h,83,3,ED 629+EK 628+RP 627,627,629,628,1,21572569,10340688,4220898,1058354,5279252,1,15594628,7475196,3051251,3816327.0,0,0,,asura
45539,https://www.hunt-analyser.com/hunt_sessions/45539,Asura Mirror,"Apr 01, 2026 13:30",00:55h,55,0,,,,,1,5572091,3714729,421449,0,421449,0,6078644,4052431,459762,459763.0,0,0,,asura
46669,https://www.hunt-analyser.com/hunt_sessions/46669,Asura Mirror,"Apr 30, 2026 07:22",01:01h,61,1,EK 586,586,586,586,1,8376258,5584172,1120897,251004,1371901,1,8238942,5492628,1102521,1349411.0,0,0,,asura
47754,https://www.hunt-analyser.com/hunt_sessions/47754,True asuras,"May 22, 2026 21:35",01:56h,116,2,ED 1116+EK 1207,1116,1207,1162,1,15351079,10234711,4636083,976201,5612284,1,7940213,5293816,2397973,2902906.0,0,0,,asura
48993,https://www.hunt-analyser.com/hunt_sessions/48993,asura,"Jun 18, 2026 16:49",00:10h,10,1,RP 330,330,330,330,1,184349,0,33555,22506,56061,1,1106094,0,201330,336366.0,0,0,,asura
49267,https://www.hunt-analyser.com/hunt_sessions/49267,True asuras,"Jun 21, 2026 17:06",01:02h,62,2,ED 706+EK 708,706,708,707,1,12599112,6841564,3597572,342829,3940401,1,12192689,6620868,3481521,3813291.0,0,0,,asura
49568,https://www.hunt-analyser.com/hunt_sessions/49568,True asuras,"Jun 25, 2026 18:23",01:03h,63,2,ED 711+EK 713,711,713,712,1,15600007,6933121,3497048,411580,3908628,1,14857149,6602972,3330521,3722503.0,0,0,,asura
49759,https://www.hunt-analyser.com/hunt_sessions/49759,True asuras,"Jun 27, 2026 16:30",01:19h,79,2,ED 717+EK 718,717,718,718,1,20030461,8789200,4080762,608423,4689185,1,15213008,6675341,3099312,3561406.0,0,0,,asura
49787,https://www.hunt-analyser.com/hunt_sessions/49787,[BOUNTY ADEPT] [ED - RUBINOT] - Asura Mirror,"Jun 27, 2026 19:10",00:14h,14,0,,,,,1,7,2,576,0,576,0,30,8,2468,2469.0,0,0,,asura
50187,https://www.hunt-analyser.com/hunt_sessions/50187,True asuras,"Jul 02, 2026 18:15",00:22h,22,2,ED 731+EK 734,731,734,732,1,11448215,5087938,1201468,220168,1421636,1,31222404,13876194,3276730,3877189.0,0,0,,asura
50699,https://www.hunt-analyser.com/hunt_sessions/50699,Asura Mirror,"Jul 06, 2026 01:47",03:10h,190,1,EK 527,527,527,527,1,52785829,14289411,3199995,271856,3471851,1,16669209,4512445,1010524,1096374.0,0,0,,asura
51716,https://www.hunt-analyser.com/hunt_sessions/51716,True asuras,"Jul 20, 2026 18:50",01:00h,60,2,ED 751+EK 750,750,751,750,1,10455176,6970361,3387792,473810,3861602,1,10455176,6970361,3387792,3861602.0,0,0,,asura
52884,https://www.hunt-analyser.com/hunt_sessions/52884,Asura (Mirror),"Aug 03, 2026 22:24",01:00h,60,1,EK 637,637,637,637,1,5315561,3543830,568882,207330,776212,1,5315561,3543830,568882,776212.0,0,0,,asura
54069,https://www.hunt-analyser.com/hunt_sessions/54069,Asura Mirror,"Aug 16, 2026 02:43",00:30h,30,1,RP 682,682,682,682,1,7955868,4326459,640101,147630,787731,1,15911736,8652918,1280202,1575462.0,0,0,,asura
54689,https://www.hunt-analyser.com/hunt_sessions/54689,Asura mirror,"Aug 22, 2026 08:30",01:21h,81,1,RP 531,531,531,531,1,9678106,6452071,973454,392326,1365780,1,7168967,4779311,721077,1011689.0,0,0,,asura
54697,https://www.hunt-analyser.com/hunt_sessions/54697,Asura Mirror,"Aug 22, 2026 10:10",01:07h,67,1,RP 531,531,531,531,1,8704198,5802799,1077418,347366,1424784,1,7794804,5196536,964851,1275926.0,0,0,,asura
55194,https://www.hunt-analyser.com/hunt_sessions/55194,True asuras,"Aug 27, 2026 18:38",01:03h,63,2,ED 776+EK 771,771,776,774,1,10949606,7299996,3662323,540216,4202539,1,10428196,6952377,3487926,4002418.0,0,0,,asura
55427,https://www.hunt-analyser.com/hunt_sessions/55427,True asuras,"Aug 30, 2026 10:24",01:17h,77,2,ED 779+EK 776,776,779,778,1,13174017,8782990,4154746,682354,4837100,1,10265467,6843888,3237464,3769169.0,0,0,,asura
55514,https://www.hunt-analyser.com/hunt_sessions/55514,True asuras,"Aug 31, 2026 08:31",01:09h,69,2,ED 782+EK 778,778,782,780,1,11996431,7997903,4015348,566077,4581425,1,10431679,6954698,3491606,3983848.0,0,0,,asura
55858,https://www.hunt-analyser.com/hunt_sessions/55858,True asuras,"Sep 04, 2026 15:47",00:24h,24,2,ED 792+EK 787,787,792,790,1,5972339,2559672,1104269,211992,1316261,1,14930847,6399180,2760672,3290652.0,0,0,,asura
56613,https://www.hunt-analyser.com/hunt_sessions/56613,❄️ Iceplume Strider – Test Hunt,"Sep 11, 2026 15:17",00:20h,20,1,EM 916,916,916,916,1,4290759,2860511,533940,32705,566645,1,12872277,8581533,1601820,1699935.0,0,0,,asura
56813,https://www.hunt-analyser.com/hunt_sessions/56813,❄️ Iceplume Strider – Bounty Hunt,"Sep 13, 2026 17:25",01:01h,61,1,EM 918,918,918,918,1,13632939,9088636,2470874,103871,2574745,1,13409448,8939641,2430367,2532536.0,0,0,,asura
