id,spawn,hunt_date,duration,minutes,party_size,party_comp,min_lvl,max_lvl,avg_lvl,xp_h,raw_xp_h,loot_h,balance_h,supplies_total,supplies_known,has_creature_stats,event_flag,url
53032,Roothings -2 x4 Hunt,"Aug 04, 2026 17:02",02:01h,121,4,MS 913+ED 866+EM 766+EK 839,766,913,846,0,0,4214107,2578186,3299107,1,0,0,https://www.hunt-analyser.com/hunt_sessions/53032
57028,Podzilla Quaras,"Sep 15, 2026 22:02",01:46h,106,1,MS 912,912,912,912,24708903,11639020,2614291,2570896,76664,1,1,0,https://www.hunt-analyser.com/hunt_sessions/57028
56841,Podzilla Quaras,"Sep 13, 2026 21:35",02:14h,134,1,MS 909,909,909,909,23684524,10975401,2550560,2156436,880210,1,1,0,https://www.hunt-analyser.com/hunt_sessions/56841
56645,Quaras Podzilla,"Sep 11, 2026 22:04",01:06h,66,1,MS 1086,1086,1086,1086,30348861,13833180,2531636,2530546,1199,1,1,0,https://www.hunt-analyser.com/hunt_sessions/56645
56743,Podzilla Quaras,"Sep 12, 2026 23:46",01:21h,81,1,MS 908,908,908,908,23588772,11496259,2428654,2380011,65668,1,1,0,https://www.hunt-analyser.com/hunt_sessions/56743
56517,Quaras Podzilla,"Sep 10, 2026 20:11",01:06h,66,1,MS 1086,1086,1086,1086,33741467,13915512,2374711,2374327,422,1,1,0,https://www.hunt-analyser.com/hunt_sessions/56517
56931,Podzilla Quaras,"Sep 14, 2026 21:35",02:06h,126,1,MS 910,910,910,910,26803598,10939691,2320544,2248862,150530,1,1,0,https://www.hunt-analyser.com/hunt_sessions/56931
52068,Ripper Spectre,"Jul 25, 2026 05:53",00:32h,32,1,RP 672,672,672,672,9691329,7271823,2082504,1903822,95297,1,1,0,https://www.hunt-analyser.com/hunt_sessions/52068
55738,Podzilla Quaras,"Sep 02, 2026 21:50",02:00h,120,1,MS 901,901,901,901,21477751,9589163,2081464,1912473,337981,1,1,0,https://www.hunt-analyser.com/hunt_sessions/55738
56657,Quaras Podzilla,"Sep 11, 2026 23:39",01:06h,66,1,MS 1086,1086,1086,1086,31351750,13358831,2053045,2005647,52138,1,1,0,https://www.hunt-analyser.com/hunt_sessions/56657
54319,Werelions -1,"Aug 18, 2026 11:25",00:30h,30,1,RP 683,683,683,683,17464616,13646426,1642660,1440182,101239,1,1,0,https://www.hunt-analyser.com/hunt_sessions/54319
56670,Teste 1 Quara Podizilla,"Sep 12, 2026 05:17",01:00h,60,1,MS 957,957,957,957,22430557,8785265,1467950,1355766,112184,1,1,0,https://www.hunt-analyser.com/hunt_sessions/56670
56710,Teste 2 Quara Podizilla,"Sep 12, 2026 16:36",01:04h,64,1,MS 958,958,958,958,13784361,8738120,1452054,1238735,227540,1,1,0,https://www.hunt-analyser.com/hunt_sessions/56710
52653,Weretiger -2,"Aug 01, 2026 10:30",00:37h,37,1,MS 508,508,508,508,13236024,4886185,1437871,1338150,61494,1,1,0,https://www.hunt-analyser.com/hunt_sessions/52653
52720,Weretigers -1,"Aug 02, 2026 04:55",00:47h,47,1,RP 674,674,674,674,7488382,5598638,1331313,1052277,218578,1,1,0,https://www.hunt-analyser.com/hunt_sessions/52720
51722,Duo burried cathedral,"Jul 20, 2026 12:07",00:37h,37,2,EK 300+ED 199,199,300,250,6523629,3125691,1262110,437458,508535,1,1,0,https://www.hunt-analyser.com/hunt_sessions/51722
51574,"Duo buried -2 ED, EK","Jul 18, 2026 11:46",00:25h,25,2,EK 298+ED 198,198,298,248,668253,-89933,1054200,389827,276822,1,1,0,https://www.hunt-analyser.com/hunt_sessions/51574
53132,Ripper Spectre,"Aug 06, 2026 13:02",00:13h,13,1,MS 327,327,327,327,7386466,3624696,1047849,838384,45384,1,1,0,https://www.hunt-analyser.com/hunt_sessions/53132
53639,Glooth Tower,"Aug 12, 2026 00:46",00:25h,25,1,EK 270,270,270,270,3387175,2258244,1026130,896296,54097,1,1,0,https://www.hunt-analyser.com/hunt_sessions/53639
53149,GAZER SPECTRE +21% DMG BOUNTY,"Aug 06, 2026 16:21",00:47h,47,0,,0,0,0,9713439,8077755,888391,888390,0,0,1,0,https://www.hunt-analyser.com/hunt_sessions/53149
51711,Werelion -1 (post nerf),"Jul 20, 2026 12:43",00:55h,55,1,MS 494,494,494,494,6109828,2796163,824888,696876,117344,1,1,0,https://www.hunt-analyser.com/hunt_sessions/51711
53031,Burster Spectres,"Aug 05, 2026 13:05",00:42h,42,1,RP 676,676,676,676,7030022,6215737,805934,630128,123064,1,1,0,https://www.hunt-analyser.com/hunt_sessions/53031
52279,Crypt Warrior,"Jul 28, 2026 09:45",00:28h,28,1,,0,0,75,8447524,5631685,681249,681248,0,0,1,0,https://www.hunt-analyser.com/hunt_sessions/52279
51793,Werehyena MS 290+,"Jul 21, 2026 13:51",00:37h,37,1,MS 290,290,290,290,3331157,2220771,666534,463890,124963,1,1,0,https://www.hunt-analyser.com/hunt_sessions/51793
52064,BOOK WORLD,"Jul 25, 2026 05:32",00:53h,53,1,ED 242,242,242,242,5647162,2303858,594240,384268,185475,1,1,0,https://www.hunt-analyser.com/hunt_sessions/52064
53711,Gnomegate Lava Hot Spot,"Aug 12, 2026 19:52",00:25h,25,1,EK 276,276,276,276,2131941,1184419,585235,538396,19516,1,1,0,https://www.hunt-analyser.com/hunt_sessions/53711
55979,Oramond West #1,"Sep 05, 2026 12:01",00:39h,39,1,EM 181,181,181,181,3035886,845696,537797,502889,22690,1,1,0,https://www.hunt-analyser.com/hunt_sessions/55979
53750,Werelions -1,"Aug 12, 2026 22:03",00:37h,37,0,,0,0,0,3836680,2046372,507092,507092,0,0,1,0,https://www.hunt-analyser.com/hunt_sessions/53750
53352,Lycanthrope Grounds (Edron),"Aug 08, 2026 20:04",00:15h,15,1,EK 271,271,271,271,2207516,1471680,477892,379412,24620,1,1,0,https://www.hunt-analyser.com/hunt_sessions/53352
53845,Crypt Warrior,"Aug 14, 2026 01:08",01:00h,60,0,,0,0,0,13899284,4329542,464720,464720,0,0,1,0,https://www.hunt-analyser.com/hunt_sessions/53845
53617,Burster Spectre,"Aug 12, 2026 01:52",01:00h,60,1,RP 575,575,575,575,3677400,3677400,446932,78019,368913,1,1,0,https://www.hunt-analyser.com/hunt_sessions/53617
52356,Dark Fauns -2,"Jul 29, 2026 02:41",00:30h,30,1,RP 169,169,169,169,1711696,0,399498,327484,36007,1,1,0,https://www.hunt-analyser.com/hunt_sessions/52356
52059,Vampire Crypt (Edron),"Jul 25, 2026 00:41",00:57h,57,1,RP 169,169,169,169,1376977,0,394573,367134,26066,1,1,0,https://www.hunt-analyser.com/hunt_sessions/52059
53434,Glooth Plains - Surface (Oramond),"Aug 09, 2026 21:39",00:42h,42,1,EK 273,273,273,273,1974337,1316308,306191,233968,50556,1,1,0,https://www.hunt-analyser.com/hunt_sessions/53434
53078,Grim Reaper (Yalahar),"Aug 05, 2026 17:57",00:45h,45,1,EK 270,270,270,270,5397697,2710400,297107,174872,91676,1,1,0,https://www.hunt-analyser.com/hunt_sessions/53078
52736,Hellspawn (Yalahar),"Aug 02, 2026 08:14",00:30h,30,1,EK 267,267,267,267,1683640,1122432,293484,208160,42662,1,1,0,https://www.hunt-analyser.com/hunt_sessions/52736
52082,Behemoth (Cyclopolis),"Jul 25, 2026 12:21",00:30h,30,1,EK 262,262,262,262,1028212,685498,287960,224568,31696,1,1,0,https://www.hunt-analyser.com/hunt_sessions/52082
53745,Grim Reaper (Yalahar),"Aug 12, 2026 23:17",01:00h,60,1,EK 279,279,279,279,7256749,2863850,273241,167481,105760,1,1,0,https://www.hunt-analyser.com/hunt_sessions/53745
53077,Werehayena hunt,"Aug 02, 2026 21:09",00:59h,59,1,RP 223,223,223,223,1487123,0,231784,43274,185368,1,1,0,https://www.hunt-analyser.com/hunt_sessions/53077
53399,STONFIN 0908,"Aug 09, 2026 16:06",00:46h,46,1,ED 229,229,229,229,521259,347509,207196,169703,28744,1,1,0,https://www.hunt-analyser.com/hunt_sessions/53399
53326,Hellspawn (Yalahar),"Aug 08, 2026 10:33",00:47h,47,1,EK 270,270,270,270,1671358,1114242,177074,93012,65848,1,1,0,https://www.hunt-analyser.com/hunt_sessions/53326
53327,Sea serpent (Svargrond),"Aug 08, 2026 11:45",00:50h,50,1,EK 270,270,270,270,1684045,1122697,163787,132138,26374,1,1,0,https://www.hunt-analyser.com/hunt_sessions/53327
53124,Yalahar Bog Raiders Central,"Aug 06, 2026 16:03",00:30h,30,1,EM 94,94,94,94,629342,419562,75424,-17260,46342,1,1,0,https://www.hunt-analyser.com/hunt_sessions/53124
53070,Cults Carlin,"Aug 05, 2026 22:45",00:28h,28,0,,0,0,0,1684446,1122964,70037,70037,0,0,1,0,https://www.hunt-analyser.com/hunt_sessions/53070
52823,Liberty Bay Quara Grotto,"Aug 03, 2026 13:40",00:22h,22,1,EM 90,90,90,90,365440,243627,66622,16254,18468,1,1,0,https://www.hunt-analyser.com/hunt_sessions/52823
52572,Port Hope Spider Cave,"Jul 31, 2026 15:40",01:00h,60,1,EM 82,82,82,82,376290,250860,63228,11549,51679,1,1,0,https://www.hunt-analyser.com/hunt_sessions/52572
52560,Edron Vampire Crypts,"Jul 31, 2026 11:55",00:37h,37,1,EM 82,82,82,82,323414,215649,62528,21496,25303,1,1,0,https://www.hunt-analyser.com/hunt_sessions/52560
52667,Port Hope Spider Cave,"Aug 01, 2026 17:33",01:00h,60,1,EM 84,84,84,84,616481,277452,52699,-6279,58978,1,1,0,https://www.hunt-analyser.com/hunt_sessions/52667
52773,Port Hope Water Elementals (South),"Aug 02, 2026 21:36",00:32h,32,1,EM 88,88,88,88,371756,247837,39651,3928,19052,1,1,0,https://www.hunt-analyser.com/hunt_sessions/52773
55180,Ravenous Lava Lurker #1,"Aug 27, 2026 09:28",00:10h,10,1,EM 176,176,176,176,1887918,0,0,-38940,6490,1,1,0,https://www.hunt-analyser.com/hunt_sessions/55180
