spawn,creature,avg_kills_h,n_sessions,value_per_kill,contrib_h,top_loot
40 min hyeans -2 south,Werehyaena,629.4,1,44,27693,halberds|274||werehyaena noses|—||platinum coins|—||meat|—|
40 min hyeans -2 south,Werehyaena Shaman,264.5,1,44,11637,small amethysts|172||werehyaena noses|—||platinum coins|—||great mana potions|—|
Asura (Mirror),Dawnfire Asura,379.0,1,60,22740,demonic essence|898||soul orbs|—||platinum coins|—||peacock feather fans|—|
Asura (Mirror),Midnight Asura,363.0,1,60,21780,demonic essence|898||soul orbs|—||platinum coins|—||peacock feather fans|—|
Asura (Mirror),Frost Flower Asura,112.0,1,60,6720,demonic essence|898||assassin stars|4||soul orbs|—||platinum coins|—|
Asura (Mirror),Hellspawn,128.0,1,48,6144,hellspawn tails|—||great health potions|—||gold coins|—|
Asura (Mirror),Nomad,1.0,1,200,200,gold coins|—|
Asura Mirror,Dawnfire Asura,640.9,2,60,38456,demonic essence|898||soul orbs|—||platinum coins|—||peacock feather fans|—|
Asura Mirror,Midnight Asura,581.2,2,60,34869,demonic essence|898||soul orbs|—||platinum coins|—||peacock feather fans|—|
Asura Mirror,Hellspawn,205.3,2,48,9852,hellspawn tails|—||great health potions|—||gold coins|—|
Asura Mirror,Frost Flower Asura,117.1,2,60,7026,demonic essence|898||assassin stars|4||soul orbs|—||platinum coins|—|
Asura Mirror,True Dawnfire Asura,1.3,1,200,252,
Asura Mirror,Crocodile,0.3,1,62,19,pieces of crocodile leather|—||ham|—||gold coins|—|
BOOK WORLD,Lion Hydra,443.8,1,49,21744,platinum coins|—||gold coins|—|
BOOK WORLD,Bluebeak,413.2,1,49,20247,platinum coins|—||gold coins|—|
Banuta -4,Souleater,94.8,1,259,24558,platinum coins|—||lizard essences|—||gold coins|—|
Banuta -4,Medusa,97.5,1,217,21157,ultimate health potions|91||strands of medusa hair|—||platinum coins|—||great mana potions|—|
Banuta -4,Eternal Guardian,72.3,1,217,15693,spiked iron balls|—||small stones|—||platinum coins|—||gold coins|—|
Banuta -4,Hydra,44.5,1,217,9648,platinum coins|—||hydra heads|—||ham|—||gold coins|—|
Banuta -4,Serpent Spawn,69.6,1,48,3342,small sapphires|214||snake skins|—||green mushrooms|—||gold coins|—|
Banuta -4,Terrified Elephant,5.4,1,259,1387,
Banuta -4,Scarab,3.2,1,259,832,meat|—||gold coins|—|
Banuta -4,Werelion,13.4,1,47,629,great spirit potions|113||platinum coins|—||lion&#39;s manes|—||dark armors|—|
Banuta -4,Werelioness,12.3,1,47,579,soul orbs|—||rapiers|—||platinum coins|—||meat|—|
Banuta -4,Ancient Scarab,2.1,1,259,555,magic light wands|—||gold coins|—|
Banuta -4,Larva,1.6,1,259,416,gold coins and meat |—|
Banuta -4,White Lion,6.4,1,47,302,terra boots|2203|📦|great spirit potions|113||twin hooks|—||platinum coins|—|
Banuta -4,Bear,1.1,1,259,277,meat|—||ham|—|
Banuta -4,Wolf,1.1,1,259,277,meat|—|
Banuta -4,Nomad,1.1,1,200,214,gold coins|—|
Banuta -4,Frost Troll,0.5,1,259,138,wooden shields|—||spears|—||rapiers|—||gold coins|—|
Banuta -4,Centipede,0.5,1,259,138,centipede legs and gold coins |—|
Banuta -4,Scorpion,0.5,1,259,138,
Banuta -4,The Noxious Spawn,0.5,1,259,138,
Banuta -4,Gorgo,0.5,1,259,138,
Banuta -4,Hyaena,0.5,1,98,52,meat and worms |—|
Banuta -4,Bat,2.7,1,19,50,
Banuta -4,Bonebeast,2.1,1,5,10,bony tails|183||skulls|—||gold coins|—||bones|—|
Banuta -6,Eternal Guardian,191.8,1,217,41612,spiked iron balls|—||small stones|—||platinum coins|—||gold coins|—|
Banuta -6,Medusa,162.4,1,217,35230,ultimate health potions|91||strands of medusa hair|—||platinum coins|—||great mana potions|—|
Banuta -6,Hydra,157.6,1,217,34209,platinum coins|—||hydra heads|—||ham|—||gold coins|—|
Banuta -6,Serpent Spawn,108.2,1,48,5195,small sapphires|214||snake skins|—||green mushrooms|—||gold coins|—|
Behemoth (Cyclopolis),Behemoth,252.0,1,39,9828,battle stones|128||assassin stars|4||platinum coins|—||meat|—|
Behemoth (Cyclopolis),Cyclops Drone,120.0,1,39,4680,meat|—||gold coins|—|
Behemoth (Cyclopolis),Cyclops Smith,68.0,1,39,2652,meat|—||gold coins|—||cyclops toes|—|
Behemoth (Cyclopolis),Dwarf Soldier,36.0,1,39,1404,bolts|1||white mushrooms|—||soldier helmets|—||shovels|—|
Behemoth (Cyclopolis),Cyclops,36.0,1,39,1404,meat|—||gold coins|—|
Behemoth (Cyclopolis),Dragon,12.0,1,39,468,steel shields|—||gold coins|—||dragon&#39;s tails|—||dragon ham|—|
Burster Spectre,Burster Spectre,612.0,1,66,40392,great spirit potions|113||platinum coins|—|
Burster Spectre Darashia,Burster Spectre,627.9,1,66,41438,great spirit potions|113||platinum coins|—|
Burster Spectres,Burster Spectre,788.7,3,66,52054,great spirit potions|113||platinum coins|—|
Caminho de Ferumbras,Vexclaw,289.3,1,201,58155,demonic essence|898||great spirit potions|113||ultimate health potions|91||vexclaw talons|—|
Caminho de Ferumbras,Grimeleech,256.0,1,210,53760,some grimeleech wings|1160|🧪|demonic essence|898||great spirit potions|113||platinum coins|—|
Caminho de Ferumbras,Demon,320.0,1,88,28160,demonic essence|898||small amethysts|172||small emeralds|161||great spirit potions|113|
Caminho de Ferumbras,Hellflayer,64.0,1,210,13440,demonic essence|898||great spirit potions|113||ultimate health potions|91||platinum coins|—|
Claustrophobic Inferno,Brachiodemon,363.0,1,645,234135,ultimate health potions|91||crystal coins|—|
Claustrophobic Inferno,Infernal Demon,195.0,1,645,125775,ultimate health potions|91||gold ingots|—||crystal coins|—|
Claustrophobic Inferno,Infernal Phantom,187.5,1,645,120937,terra rods|1560||ultimate health potions|91||crystal coins|—|
Crumbling Caverns,Cinder Wyrmling,535.7,2,71,38032,platinum coins|—||gold coins|—|
Crumbling Caverns,Shell Drake,413.1,2,67,27677,platinum coins|—||gold coins|—|
Crypt Warrior,Crypt Warrior,819.9,2,52,42636,white mushrooms|—||unholy bones|—||soul orbs|—||platinum coins|—|
Cults Carlin,Vicious Squire,295.7,1,14,4140,bolts|1||meat|—||gold coins|—||crossbows|—|
Cults Carlin,Cult Believer,263.6,1,2,527,meat|—||gold coins|—|
Cults Carlin,Renegade Knight,212.1,1,2,424,platinum coins|—||gold coins|—|
Cults Carlin,Cult Enforcer,162.9,1,2,325,meat|—||gold coins|—|
Cults Carlin,Vile Grandmaster,143.6,1,2,287,platinum coins|—||meat|—||gold coins|—|
Dark Fauns -2,Dark Faun,524.0,1,24,12576,strong health potions|4||shimmering beetles|—|📦|gold coins|—||fairy wings|—|🧪
Dark Fauns -2,Twisted Pooka,432.0,1,24,10368,strong health potions|4||shimmering beetles|—|📦|gold coins|—||fairy wings|—|🧪
Dark Fauns -2,Boogy,230.0,1,24,5520,strong health potions|4||shimmering beetles|—|📦|gold coins|—||fairy wings|—|🧪
Demon Goroma,Fire Elemental,240.0,1,88,21120,nothing |—|
Demon Goroma,Demon,104.3,1,88,9175,demonic essence|898||small amethysts|172||small emeralds|161||great spirit potions|113|
Demon Goroma,Demon Skeleton,89.5,1,75,6713,throwing stars|—||gold coins|—||demonic skeletal hands|—|
Demon Goroma,Hellhound,25.6,1,197,5038,demonic essence|898||blazing bones|363||black pearls|231||great spirit potions|113|
Demon Goroma,Dragon Lord,35.4,1,47,1664,green mushrooms|—||gold coins|—||dragon ham|—|
Demons Edron,Demon,50.4,1,88,4431,demonic essence|898||small amethysts|172||small emeralds|161||great spirit potions|113|
Demons Edron,Massive Fire Elemental,8.6,1,47,402,platinum coins|—||gold coins|—|
Demons Edron,Dark Apprentice,4.3,1,83,355,gold coins|—||dead frogs|—|
Demons Edron,Dark Magician,2.1,1,83,177,mana potions|47||health potions|24||blank runes|7||gold coins|—|
Draken Walls North Solo EK,Draken Warmaster,370.8,1,421,156115,bone shoulderplates|158||platinum coins|—||meat|—||gold coins|—|
Draken Walls North Solo EK,Draken Spellweaver,348.2,1,421,146590,weaver&#39;s wandtips|—||platinum coins|—||meat|—||gold coins|—|
"Duo buried -2 ED, EK",Ripper Spectre,278.4,1,93,25891,great spirit potions|113||two handed swords|—||platinum coins|—|
"Duo buried -2 ED, EK",Arachnophobica,240.0,1,93,22320,great spirit potions|113||platinum coins|—|
"Duo buried -2 ED, EK",Gazer Spectre,172.8,1,89,15379,brown crystal splinters|263||small diamonds|241||small sapphires|214||platinum coins|—|
"Duo buried -2 ED, EK",Burster Spectre,19.2,1,66,1267,great spirit potions|113||platinum coins|—|
Duo burried cathedral,Arachnophobica,316.2,1,93,29408,great spirit potions|113||platinum coins|—|
Duo burried cathedral,Burster Spectre,371.4,1,66,24509,great spirit potions|113||platinum coins|—|
Duo burried cathedral,Gazer Spectre,193.0,1,89,17174,brown crystal splinters|263||small diamonds|241||small sapphires|214||platinum coins|—|
Duo burried cathedral,Ripper Spectre,68.1,1,93,6334,great spirit potions|113||two handed swords|—||platinum coins|—|
Edron Vampire Crypts,Demon Skeleton,50.3,1,75,3770,throwing stars|—||gold coins|—||demonic skeletal hands|—|
Edron Vampire Crypts,Vampire,120.0,1,11,1320,gold coins|—|
Edron Vampire Crypts,Necromancer,113.5,1,5,567,poison arrows|—||gold coins|—||books of necromantic rituals|—|
Edron Vampire Crypts,Bonebeast,110.3,1,5,551,bony tails|183||skulls|—||gold coins|—||bones|—|
Edron Vampire Crypts,Vampire Bride,21.1,1,11,231,vampire teeth|300|🧪|strong mana potions|100||platinum coins|—||gold coins|—|
Edron Vampire Crypts,Vampire Viscount,17.8,1,11,196,gold coins|—|
Exotic cave,Exotic Bat,567.8,1,46,26119,platinum coins|—||green mushrooms|—||great mana potions|—||dark mushrooms|—|
Exotic cave,Exotic Cave Spider,245.9,1,46,11309,poison arrows|—||platinum coins|—||great health potions|—|
Exotic cave,Pirat Cutthroat,4.4,1,104,456,ice rapiers|684||great health potions|—|
Feru way,Grimeleech,263.5,1,210,55330,some grimeleech wings|1160|🧪|demonic essence|898||great spirit potions|113||platinum coins|—|
Feru way,Vexclaw,272.2,1,201,54706,demonic essence|898||great spirit potions|113||ultimate health potions|91||vexclaw talons|—|
Feru way,Demon,297.4,1,88,26170,demonic essence|898||small amethysts|172||small emeralds|161||great spirit potions|113|
Feru way,Hellflayer,86.1,1,210,18078,demonic essence|898||great spirit potions|113||ultimate health potions|91||platinum coins|—|
GAZER SPECTRE +21% DMG BOUNTY,Gazer Spectre,625.5,1,89,55672,brown crystal splinters|263||small diamonds|241||small sapphires|214||platinum coins|—|
GAZER SPECTRE +21% DMG BOUNTY,Thanatursus,80.4,1,89,7157,halberds|274||platinum coins|—||meat|—||ham|—|
Gazer Spectre,Gazer Spectre,601.0,1,89,53489,brown crystal splinters|263||small diamonds|241||small sapphires|214||platinum coins|—|
Gazer Spectre,Thanatursus,59.0,1,89,5251,halberds|274||platinum coins|—||meat|—||ham|—|
Gazer Spectres,Gazer Spectre,640.7,2,89,57025,brown crystal splinters|263||small diamonds|241||small sapphires|214||platinum coins|—|
Gazer Spectres,Thanatursus,89.8,2,89,7991,halberds|274||platinum coins|—||meat|—||ham|—|
Glooth Plains - Surface,Rot Elemental,418.0,1,5,2090,strong mana potions|100||strong health potions|4||platinum coins|—||gold coins|—|
Glooth Plains - Surface,Glooth Blob,416.0,1,5,2080,gold coins|—||globs of glooth|—|
Glooth Plains - Surface,Blood Beast,310.0,1,5,1550,slime hearts|—||poisoned fangs|—||gold coins|—|
Glooth Plains - Surface,Devourer,278.0,1,5,1390,platinum coins|—||gold coins|—||globs of glooth|—|
Glooth Plains - Surface (Oramond),Rot Elemental,532.9,1,5,2664,strong mana potions|100||strong health potions|4||platinum coins|—||gold coins|—|
Glooth Plains - Surface (Oramond),Glooth Blob,497.1,1,5,2485,gold coins|—||globs of glooth|—|
Glooth Plains - Surface (Oramond),Devourer,232.9,1,5,1164,platinum coins|—||gold coins|—||globs of glooth|—|
Glooth Plains - Surface (Oramond),Blood Beast,157.1,1,5,785,slime hearts|—||poisoned fangs|—||gold coins|—|
Glooth Tower,Rustheap Golem,417.6,1,29,12110,platinum coins|—||necromantic rust|—|📦|gold coins|—|
Glooth Tower,Glooth Golem,340.8,1,29,9883,platinum coins|—||great mana potions|—||gold coins|—||glooth injection tubes|—|
Glooth Tower,Devourer,266.4,1,5,1332,platinum coins|—||gold coins|—||globs of glooth|—|
Glooth Tower,Rot Elemental,187.2,1,5,936,strong mana potions|100||strong health potions|4||platinum coins|—||gold coins|—|
Glooth Tower,Quara Hydromancer Scout,7.2,1,32,230,shrimp|—||quara eyes|—||gold coins|—||fish|—|
Glooth Tower,Quara Constrictor Scout,7.2,1,29,208,shrimp|—||quara tentacles|—||gold coins|—|
Glooth Tower,Quara Predator Scout,4.8,1,32,153,quara bones|—||gold coins|—|
Glooth Tower,Quara Pincher Scout,4.8,1,6,28,quara pincers|—|📦|gold coins|—|
Glooth Tower,Blood Beast,2.4,1,5,12,slime hearts|—||poisoned fangs|—||gold coins|—|
Gnomegate Lava Hot Spot,Vulcongra,427.2,1,47,20078,platinum coins|—||magma clumps|—||gold coins|—||bananas|—|
Gnomegate Lava Hot Spot,Massive Fire Elemental,283.2,1,47,13310,platinum coins|—||gold coins|—|
Gnomegate Lava Hot Spot,Dragon Lord,168.0,1,47,7896,green mushrooms|—||gold coins|—||dragon ham|—|
Grim Reaper (Yalahar),Grim Reaper,505.3,2,43,21729,demonic essence|898||gold coins|—||flasks of demonic blood|—|
Grim Reaper - Yalahar,Grim Reaper,432.7,1,43,18607,demonic essence|898||gold coins|—||flasks of demonic blood|—|
Grim Reaper Yalahar,Grim Reaper,530.0,1,43,22790,demonic essence|898||gold coins|—||flasks of demonic blood|—|
Grim reaper Yalahar,Grim Reaper,535.3,1,43,23019,demonic essence|898||gold coins|—||flasks of demonic blood|—|
Grim reaper Yalahar,Nightmare,4.1,1,11,44,demonic essence|898||soul orbs|—||scythe legs|—||ham|—|
Grim reaper Yalahar,Nightmare Scion,3.5,1,11,38,meat|—||gold coins|—|
Hellspawn (Yalahar),Hellspawn,358.7,2,48,17217,hellspawn tails|—||great health potions|—||gold coins|—|
Hellspawn (Yalahar),Plaguesmith,53.3,2,30,1598,battle hammers|112||two handed swords|—||steel shields|—||pieces of iron|—|
Hellspawn (Yalahar),Gozzler,9.3,2,48,445,plate shields|—||gold coins|—|
Hero Fortres,Vicious Squire,247.3,1,14,3462,bolts|1||meat|—||gold coins|—||crossbows|—|
Hero Fortres,Hero,143.4,1,14,2007,bows|40||arrows|2||sniper arrows|—||scrolls|—|
Hero Fortres,Dwarf Henchman,46.8,1,14,655,
Hero Fortres,Bonebeast,93.7,1,5,468,bony tails|183||skulls|—||gold coins|—||bones|—|
Hero Fortres,Wyvern,17.6,1,14,245,wyvern talismans|4068||gold coins|—||dragon ham|—|
Hero Fortres,Renegade Knight,49.8,1,2,99,platinum coins|—||gold coins|—|
Hero Fortres,Stone Golem,5.9,1,14,81,sulphurous stones|—||small stones|—||gold coins|—|
Hero Fortres,Lich,4.4,1,14,61,spellbooks|—||platinum coins|—||gold coins|—|
Hero Fortres,Vile Grandmaster,23.4,1,2,46,platinum coins|—||meat|—||gold coins|—|
Hero Fortres,Mechanical Fighter,2.9,1,14,40,
Hero Fortres,Rat,1.5,1,14,20,cheese and gold coins |—|
Hero Fortres,Mad Technomancer,1.5,1,14,20,
Liberty Bay Quara Grotto,Quara Predator Scout,38.2,1,32,1221,quara bones|—||gold coins|—|
Liberty Bay Quara Grotto,Quara Constrictor Scout,32.7,1,29,949,shrimp|—||quara tentacles|—||gold coins|—|
Liberty Bay Quara Grotto,Quara Hydromancer Scout,16.4,1,32,523,shrimp|—||quara eyes|—||gold coins|—||fish|—|
Liberty Bay Quara Grotto,Quara Mantassin Scout,51.8,1,6,310,gold coins|—|
Liberty Bay Quara Grotto,Quara Mantassin,51.8,1,6,310,mantassin tails|—||gold coins|—|
Liberty Bay Quara Grotto,Quara Pincher Scout,49.1,1,6,294,quara pincers|—|📦|gold coins|—|
Liberty Bay Quara Grotto,Quara Constrictor,43.6,1,6,261,quara tentacles|—||gold coins|—|
Liberty Bay Quara Grotto,Quara Hydromancer,40.9,1,6,245,quara eyes|—||gold coins|—|
Liberty Bay Quara Grotto,Quara Pincher,38.2,1,6,229,quara pincers|—|📦|platinum coins|—||great health potions|—||gold coins|—|
Liberty Bay Quara Grotto,Quara Predator,16.4,1,6,98,quara bones|—||gold coins|—|
Lower Spike,Vulcongra,118.8,1,47,5583,platinum coins|—||magma clumps|—||gold coins|—||bananas|—|
Lower Spike,Lost Thrower,160.8,1,34,5467,broken throwing axes|736||bloody dwarven beards|78||red hair dyes|—||platinum coins|—|
Lower Spike,Lost Basher,153.6,1,34,5222,
Lower Spike,Lost Husher,140.4,1,34,4773,
Lower Spike,Wyrm,118.8,1,34,4039,strong mana potions|100||strong health potions|4||wyrm scales|—||gold coins|—|
Lower Spike,Behemoth,79.2,1,39,3088,battle stones|128||assassin stars|4||platinum coins|—||meat|—|
Lower Spike,Drillworm,90.0,1,34,3060,blue crystal splinters|349||brown crystal splinters|263||lumps of earth|—||green crystal splinters|—|
Lower Spike,Dragon Lord,48.0,1,47,2256,green mushrooms|—||gold coins|—||dragon ham|—|
Lower Spike,Enslaved Dwarf,42.0,1,34,1428,small amethysts|172||small emeralds|161||platinum coins|—||iron ore|—|
Lower Spike,Nightmare Scion,6.0,1,11,66,meat|—||gold coins|—|
Lycanthrope Grounds (Edron),Werefox,246.0,2,39,9594,werefox tails|—||platinum coins|—||gold coins|—||fox paws|—|
Lycanthrope Grounds (Edron),Werebadger,207.5,2,39,8092,werebadger claws|688|📦|werebadger skulls|—||platinum coins|—||gold coins|—|
Lycanthrope Grounds (Edron),Wereboar,149.0,2,39,5811,wereboar tusks|942|📦|wereboar hooves|—|🧪|platinum coins|—||gold coins|—|
Lycanthrope Grounds (Edron),Werewolf,149.0,1,38,5662,werewolf fur|—|📦|werewolf fangs|—||plate shields|—||gold coins|—|
Lycanthrope Grounds (Edron),Werebear,95.5,2,38,3629,werebear fur|2174|📦|werebear skulls|—||platinum coins|—||ham|—|
Lycanthrope Grounds (Edron),Bloodback,4.0,1,39,156,
Medusa Tower,Medusa,121.6,1,217,26382,ultimate health potions|91||strands of medusa hair|—||platinum coins|—||great mana potions|—|
Medusa Tower,Serpent Spawn,211.6,1,48,10155,small sapphires|214||snake skins|—||green mushrooms|—||gold coins|—|
Medusa Tower,Behemoth,154.7,1,39,6034,battle stones|128||assassin stars|4||platinum coins|—||meat|—|
Medusa Tower,Clay Guardian,116.8,1,48,5608,blank runes|7||small stones|—||lumps of earth|—||gold coins|—|
Medusa Tower,Omnivora,115.3,1,48,5532,white mushrooms|—||ham|—||gold coins|—||fish|—|
Medusa Tower,Gargoyle,6.3,1,48,303,stone wings|—||small stones|—||potatoes|—||gold coins|—|
Medusa Tower,Stone Golem,3.2,1,14,44,sulphurous stones|—||small stones|—||gold coins|—|
Medusa tower,Medusa,178.7,1,217,38776,ultimate health potions|91||strands of medusa hair|—||platinum coins|—||great mana potions|—|
Medusa tower,Serpent Spawn,277.8,1,48,13335,small sapphires|214||snake skins|—||green mushrooms|—||gold coins|—|
Medusa tower,Behemoth,237.4,1,39,9258,battle stones|128||assassin stars|4||platinum coins|—||meat|—|
Medusa tower,Omnivora,123.9,1,48,5947,white mushrooms|—||ham|—||gold coins|—||fish|—|
Medusa tower,Clay Guardian,83.5,1,48,4006,blank runes|7||small stones|—||lumps of earth|—||gold coins|—|
Norc Castle,Norcferatu Heartless,360.0,1,86,30960,platinum coins|—|
Norc Castle,Norcferatu Nightweaver,352.0,1,86,30272,platinum coins|—|
Norc Castle,Varg,252.0,1,86,21672,platinum coins|—|
Norc Castle,Orclops Bloodbreaker,64.0,1,86,5504,
Norc Castle,Gloom Maw,44.0,1,86,3784,
Norc Castle,Dworc Shadowstalker,8.0,1,86,688,
Norc Castle,Tarantula,16.0,1,12,192,tarantula eggs|90||gold coins|—|
North Roshamuul (South - SOLO RP),Retching Horror,746.0,1,109,81314,pools of chitinous glue|—||platinum coins|—||great mana potions|—||great health potions|—|
North Roshamuul (South - SOLO RP),Choking Fear,700.0,1,109,76300,brown crystal splinters|263||great spirit potions|113||ultimate health potions|91||platinum coins|—|
North Roshamuul (South - SOLO RP),Frazzlemaw,300.0,1,104,31200,brown crystal splinters|263||platinum coins|—||great mana potions|—||great health potions|—|
North Roshamuul (South - SOLO RP),Silencer,284.0,1,105,29820,silencer claws|3804|🧪|platinum coins|—||gold coins|—|
Ora West,Quara Predator Scout,324.2,1,32,10374,quara bones|—||gold coins|—|
Ora West,Quara Hydromancer Scout,258.9,1,32,8286,shrimp|—||quara eyes|—||gold coins|—||fish|—|
Ora West,Quara Constrictor Scout,213.7,1,29,6196,shrimp|—||quara tentacles|—||gold coins|—|
Ora West,Rot Elemental,504.2,1,5,2521,strong mana potions|100||strong health potions|4||platinum coins|—||gold coins|—|
Ora West,Glooth Blob,414.7,1,5,2073,gold coins|—||globs of glooth|—|
Ora West,Blood Beast,346.3,1,5,1731,slime hearts|—||poisoned fangs|—||gold coins|—|
Ora West,Quara Pincher Scout,269.5,1,6,1616,quara pincers|—|📦|gold coins|—|
Ora West,Devourer,246.3,1,5,1231,platinum coins|—||gold coins|—||globs of glooth|—|
Ora West,Metal Gargoyle,9.5,1,115,1089,platinum coins|—||metal jaws|—||gold coins|—|
Pirats,Pirat Cutthroat,586.5,1,104,60990,ice rapiers|684||great health potions|—|
Pirats,Pirat Bombardier,226.5,1,104,23550,great mana potions|—|
Pirats,Pirat Scoundrel,211.0,1,104,21940,great mana potions|—|
Pirats,Exotic Bat,1.9,1,46,89,platinum coins|—||green mushrooms|—||great mana potions|—||dark mushrooms|—|
Podzilla Quaras,Quara Raider,619.6,22,142,87986,platinum coins|—|
Podzilla Quaras,Quara Looter,376.1,22,142,53401,platinum coins|—|
Podzilla Quaras,Quara Plunderer,306.9,22,142,43581,platinum coins|—|
Port Hope Spider Cave,Giant Spider,276.0,2,8,2208,poison arrows|—||plate armors|—||gold coins|—|
Port Hope Spider Cave,Tarantula,121.5,2,12,1458,tarantula eggs|90||gold coins|—|
Port Hope Water Elementals (South),Water Elemental,369.4,1,6,2216,strong mana potions|100||strong health potions|4||platinum coins|—||gold coins|—|
Port Hope Water Elementals (South),Quara Mantassin Scout,75.0,1,6,450,gold coins|—|
Quaras Podzilla,Quara Raider,657.3,3,142,93332,platinum coins|—|
Quaras Podzilla,Quara Looter,494.5,3,142,70225,platinum coins|—|
Quaras Podzilla,Quara Plunderer,330.3,3,142,46903,platinum coins|—|
Ravenous Lava Lurker,Ravenous Lava Lurker,394.7,2,,,
Ravenous Lava Lurker,Dromedary,2.1,1,,,meat |—|
Ripper Spectre,Ripper Spectre,601.2,5,93,55915,great spirit potions|113||two handed swords|—||platinum coins|—|
Ripper Spectre,Arachnophobica,503.7,5,93,46839,great spirit potions|113||platinum coins|—|
Ripper Spectre Solo MS +650,Ripper Spectre,386.7,1,93,35966,great spirit potions|113||two handed swords|—||platinum coins|—|
Ripper Spectre Solo MS +650,Arachnophobica,340.4,1,93,31660,great spirit potions|113||platinum coins|—|
Roshamuul,Frazzlemaw,202.9,1,104,21097,brown crystal splinters|263||platinum coins|—||great mana potions|—||great health potions|—|
Roshamuul,Silencer,108.6,1,105,11400,silencer claws|3804|🧪|platinum coins|—||gold coins|—|
Roshamuul,Shock Head,11.4,1,202,2308,gold coins|—|
Roshamuul DP,Choking Fear,728.1,3,109,79358,brown crystal splinters|263||great spirit potions|113||ultimate health potions|91||platinum coins|—|
Roshamuul DP,Retching Horror,675.0,3,109,73572,pools of chitinous glue|—||platinum coins|—||great mana potions|—||great health potions|—|
Roshamuul DP,Silencer,290.5,3,105,30504,silencer claws|3804|🧪|platinum coins|—||gold coins|—|
Roshamuul DP,Frazzlemaw,262.6,3,104,27309,brown crystal splinters|263||platinum coins|—||great mana potions|—||great health potions|—|
Roshamuul Shock Heads,Frazzlemaw,332.0,1,104,34528,brown crystal splinters|263||platinum coins|—||great mana potions|—||great health potions|—|
Roshamuul Shock Heads,Silencer,264.0,1,105,27720,silencer claws|3804|🧪|platinum coins|—||gold coins|—|
Roshamuul Shock Heads,Shock Head,121.0,1,202,24442,gold coins|—|
Roshamuul Shock Heads,Guzzlemaw,227.0,1,106,24062,platinum coins|—||great mana potions|—||great health potions|—||gold coins|—|
Roshamuul West,Frazzlemaw,664.5,2,104,69104,brown crystal splinters|263||platinum coins|—||great mana potions|—||great health potions|—|
Roshamuul West,Silencer,499.7,2,105,52471,silencer claws|3804|🧪|platinum coins|—||gold coins|—|
Roshamuul West,Guzzlemaw,305.9,2,106,32427,platinum coins|—||great mana potions|—||great health potions|—||gold coins|—|
Roshamuul West,Sight of Surrender,1.8,1,106,195,stone skin amulets|8895||blue crystal shards|1347||broken visors|578||blue crystal splinters|349|
STONFIN 0908,Stonerefiner,680.9,1,19,12936,rat cheese and stonerefiner&#39;s skulls |—||rare earth|—||poisonous slime|—|🧪|platinum coins|—|
STONFIN 0908,Bat,13.0,1,19,247,
STONFIN 0908,Tarantula,17.0,1,12,203,tarantula eggs|90||gold coins|—|
STONFIN 0908,Corym Charlatan,9.1,1,19,173,soft cheese|—||rat cheese|—||gold coins|—||cheese|—|
STONFIN 0908,Marsh Stalker,5.2,1,19,99,worms|—||meat|—||gold coins|—||fish|—|
STONFIN 0908,Feverish Citizen,5.2,1,19,99,
STONFIN 0908,Corym Skirmisher,5.2,1,19,99,soft cheese|—||rat cheese|—||gold coins|—||cheese|—|
STONFIN 0908,Snake,5.2,1,11,57,nothing |—|
STONFIN 0908,Swampling,2.6,1,19,49,white mushrooms|—||swampling mosses|—||pieces of swampling wood|—||gold coins|—|
Sea serpent (Svargrond),Young Sea Serpent,392.4,1,16,6278,morning stars|—||gold coins|—|
Sea serpent (Svargrond),Sea Serpent,318.0,1,16,5088,sea serpent scales|—||platinum coins|—||gold coins|—||dragon ham|—|
Teste 1 Quara Podizilla,Quara Raider,452.0,1,142,64184,platinum coins|—|
Teste 1 Quara Podizilla,Quara Looter,300.0,1,142,42600,platinum coins|—|
Teste 1 Quara Podizilla,Quara Plunderer,232.0,1,142,32944,platinum coins|—|
Teste 2 Quara Podizilla,Quara Raider,427.5,1,142,60705,platinum coins|—|
Teste 2 Quara Podizilla,Quara Looter,320.6,1,142,45528,platinum coins|—|
Teste 2 Quara Podizilla,Quara Plunderer,233.4,1,142,33148,platinum coins|—|
True asuras,True Midnight Asura,667.3,8,197,131457,
True asuras,True Dawnfire Asura,555.3,8,200,111060,
True asuras,Hellhound,171.6,8,197,33810,demonic essence|898||blazing bones|363||black pearls|231||great spirit potions|113|
True asuras,True Frost Flower Asura,149.0,8,160,23840,
True asuras,Hyaena,13.6,1,98,1336,meat and worms |—|
True asuras,Nomad,1.3,5,200,257,gold coins|—|
True asuras,Hellspawn,1.9,1,48,91,hellspawn tails|—||great health potions|—||gold coins|—|
Upper Roshamuul,Choking Fear,561.0,1,109,61149,brown crystal splinters|263||great spirit potions|113||ultimate health potions|91||platinum coins|—|
Upper Roshamuul,Retching Horror,554.5,1,109,60440,pools of chitinous glue|—||platinum coins|—||great mana potions|—||great health potions|—|
Upper Roshamuul,Frazzlemaw,266.0,1,104,27664,brown crystal splinters|263||platinum coins|—||great mana potions|—||great health potions|—|
Upper Roshamuul,Silencer,206.0,1,105,21630,silencer claws|3804|🧪|platinum coins|—||gold coins|—|
Vampire Crypt (Edron),Vampire Bride,445.3,1,11,4897,vampire teeth|300|🧪|strong mana potions|100||platinum coins|—||gold coins|—|
Vampire Crypt (Edron),Vampire Viscount,378.9,1,11,4168,gold coins|—|
Vampire Crypt (Edron),Vampire,353.7,1,11,3890,gold coins|—|
Vampire Crypt (Edron),Wolf,2.1,1,259,545,meat|—|
Vampire Crypt (Edron),Snake,9.5,1,11,104,nothing |—|
Vampire Crypt (Edron),Wyvern,2.1,1,14,29,wyvern talismans|4068||gold coins|—||dragon ham|—|
Vampire Crypt (Edron),Wisp,2.1,1,11,23,
Vampire Crypt (Edron),Rabbit,1.1,1,11,11,carrots and meat |—|
Vampire Crypt (Edron),Deer,1.1,1,11,11,meat|—||ham|—|
Werehayena hunt,Werehyaena,241.0,1,44,10604,halberds|274||werehyaena noses|—||platinum coins|—||meat|—|
Werehayena hunt,Werehyaena Shaman,128.1,1,44,5637,small amethysts|172||werehyaena noses|—||platinum coins|—||great mana potions|—|
Werehyena MS 290+,Werehyaena,637.3,1,44,28041,halberds|274||werehyaena noses|—||platinum coins|—||meat|—|
Werehyena MS 290+,Werehyaena Shaman,373.0,1,44,16410,small amethysts|172||werehyaena noses|—||platinum coins|—||great mana potions|—|
Werelion -1,Werelioness,727.7,1,47,34203,soul orbs|—||rapiers|—||platinum coins|—||meat|—|
Werelion -1,Werelion,683.2,1,47,32111,great spirit potions|113||platinum coins|—||lion&#39;s manes|—||dark armors|—|
Werelion -1,White Lion,249.7,1,47,11734,terra boots|2203|📦|great spirit potions|113||twin hooks|—||platinum coins|—|
Werelion -1 (post nerf),Werelioness,556.4,1,47,26149,soul orbs|—||rapiers|—||platinum coins|—||meat|—|
Werelion -1 (post nerf),Werelion,504.0,1,47,23688,great spirit potions|113||platinum coins|—||lion&#39;s manes|—||dark armors|—|
Werelion -1 (post nerf),White Lion,173.5,1,47,8152,terra boots|2203|📦|great spirit potions|113||twin hooks|—||platinum coins|—|
Werelion -1 (post nerf),Yirkas Blue Scales,1.1,1,47,51,
Werelions -1,Werelioness,648.8,2,47,30494,soul orbs|—||rapiers|—||platinum coins|—||meat|—|
Werelions -1,Werelion,566.2,2,47,26613,great spirit potions|113||platinum coins|—||lion&#39;s manes|—||dark armors|—|
Werelions -1,White Lion,177.4,2,47,8336,terra boots|2203|📦|great spirit potions|113||twin hooks|—||platinum coins|—|
Weretiger -2,Cunning Werepanther,604.9,1,95,57462,platinum coins|—||gold coins|—|
Weretiger -2,Weretiger,394.1,1,95,37435,weretiger teeth|—||platinum coins|—||gold coins|—|
Weretiger -2,White Weretiger,220.5,1,95,20951,weretiger teeth|—||platinum coins|—||gold coins|—|
Weretigers -1,Cunning Werepanther,487.7,1,95,46327,platinum coins|—||gold coins|—|
Weretigers -1,Weretiger,325.5,1,95,30925,weretiger teeth|—||platinum coins|—||gold coins|—|
Weretigers -1,White Weretiger,141.7,1,95,13461,weretiger teeth|—||platinum coins|—||gold coins|—|
Weretigers -2,Cunning Werepanther,398.0,1,95,37810,platinum coins|—||gold coins|—|
Weretigers -2,Weretiger,251.0,1,95,23845,weretiger teeth|—||platinum coins|—||gold coins|—|
Weretigers -2,White Weretiger,140.0,1,95,13300,weretiger teeth|—||platinum coins|—||gold coins|—|
West Roshamuul (SOLO RP),Frazzlemaw,748.1,1,104,77800,brown crystal splinters|263||platinum coins|—||great mana potions|—||great health potions|—|
West Roshamuul (SOLO RP),Silencer,583.4,1,105,61257,silencer claws|3804|🧪|platinum coins|—||gold coins|—|
West Roshamuul (SOLO RP),Guzzlemaw,342.1,1,106,36265,platinum coins|—||great mana potions|—||great health potions|—||gold coins|—|
West Roshamuul (SOLO RP),Retching Horror,1.3,1,109,139,pools of chitinous glue|—||platinum coins|—||great mana potions|—||great health potions|—|
West Roshamuul (SOLO RP),Sight of Surrender,1.3,1,106,135,stone skin amulets|8895||blue crystal shards|1347||broken visors|578||blue crystal splinters|349|
Yalahar Bog Raiders Central,Bog Raider,296.0,1,11,3256,boggy dreads|1494|📦|gold coins|—|
Yalahar Bog Raiders Central,Death Blob,66.0,1,11,726,globs of tar |—|
Yalahar Bog Raiders Central,Nightmare Scion,64.0,1,11,704,meat|—||gold coins|—|
Yalahar Bog Raiders Central,Nightmare,34.0,1,11,374,demonic essence|898||soul orbs|—||scythe legs|—||ham|—|
Yalahar Bog Raiders Central,Mutated Tiger,20.0,1,11,220,striped fur|503|📦|sabreteeth|—||meat|—||gold coins|—|
Yalahar Bog Raiders Central,Acid Blob,2.0,1,11,22,globs of acid slime |—|
buster spectre,Burster Spectre,247.5,1,66,16335,great spirit potions|113||platinum coins|—|
cobra bastion,Cobra Assassin,516.2,1,113,58327,small emeralds|161||scimitars|—||protection amulets|—||platinum coins|—|
cobra bastion,Cobra Scout,317.6,1,113,35894,platinum coins|—||opals|—||earth arrows|—||cobra crests|—|
cobra bastion,Cobra Vizier,172.9,1,113,19542,terra boots|2203|📦|terra rods|1560||terra hoods|—||snakebite rods|—|
demons Oramond 30 minutes,Metal Gargoyle,60.0,1,115,6900,platinum coins|—||metal jaws|—||gold coins|—|
demons Oramond 30 minutes,Demon,71.0,1,88,6248,demonic essence|898||small amethysts|172||small emeralds|161||great spirit potions|113|
demons Oramond 30 minutes,Grim Reaper,55.0,1,43,2365,demonic essence|898||gold coins|—||flasks of demonic blood|—|
demons Oramond 30 minutes,Walker,2.0,1,115,230,platinum coins|—||metal toes|—||gold coins|—|
demons Oramond 30 minutes,Glooth Blob,8.0,1,5,40,gold coins|—||globs of glooth|—|
demons Oramond 30 minutes,Death Blob,2.0,1,11,22,globs of tar |—|
demons Oramond 30 minutes,Rot Elemental,4.0,1,5,20,strong mana potions|100||strong health potions|4||platinum coins|—||gold coins|—|
demons Oramond 30 minutes,Devourer,1.0,1,5,5,platinum coins|—||gold coins|—||globs of glooth|—|
demons goroma 30m,Fire Elemental,334.3,1,88,29417,nothing |—|
demons goroma 30m,Demon,143.6,1,88,12634,demonic essence|898||small amethysts|172||small emeralds|161||great spirit potions|113|
demons goroma 30m,Demon Skeleton,126.4,1,75,9482,throwing stars|—||gold coins|—||demonic skeletal hands|—|
demons goroma 30m,Hellhound,21.4,1,197,4221,demonic essence|898||blazing bones|363||black pearls|231||great spirit potions|113|
demons goroma 30m,Dragon Lord,68.6,1,47,3222,green mushrooms|—||gold coins|—||dragon ham|—|
gazer sceptre,Gazer Spectre,513.0,2,89,45657,brown crystal splinters|263||small diamonds|241||small sapphires|214||platinum coins|—|
gazer sceptre,Thanatursus,2.9,2,89,254,halberds|274||platinum coins|—||meat|—||ham|—|
lavas with prey,Ravenous Lava Lurker,451.5,1,,,
werelions,Werelioness,197.5,1,47,9282,soul orbs|—||rapiers|—||platinum coins|—||meat|—|
werelions,Werelion,197.5,1,47,9282,great spirit potions|113||platinum coins|—||lion&#39;s manes|—||dark armors|—|
werelions,White Lion,22.5,1,47,1057,terra boots|2203|📦|great spirit potions|113||twin hooks|—||platinum coins|—|
❄️ Iceplume Strider – Bounty Hunt,Silverfrost Sentinel,375.7,1,148,55609,small sapphires|214||platinum coins|—|
❄️ Iceplume Strider – Bounty Hunt,Iceplume Strider,352.1,1,148,52115,small sapphires|214||platinum coins|—|
❄️ Iceplume Strider – Bounty Hunt,True Frost Flower Asura,317.7,1,160,50832,
❄️ Iceplume Strider – Bounty Hunt,True Midnight Asura,78.7,1,197,15501,
❄️ Iceplume Strider – Test Hunt,Silverfrost Sentinel,375.0,1,148,55500,small sapphires|214||platinum coins|—|
❄️ Iceplume Strider – Test Hunt,Iceplume Strider,369.0,1,148,54612,small sapphires|214||platinum coins|—|
❄️ Iceplume Strider – Test Hunt,True Frost Flower Asura,276.0,1,160,44160,
❄️ Iceplume Strider – Test Hunt,True Midnight Asura,51.0,1,197,10047,
💀 Choking Fear – Bounty Hunt (Upper Roshamuul North),Choking Fear,694.0,1,109,75646,brown crystal splinters|263||great spirit potions|113||ultimate health potions|91||platinum coins|—|
💀 Choking Fear – Bounty Hunt (Upper Roshamuul North),Retching Horror,550.0,1,109,59950,pools of chitinous glue|—||platinum coins|—||great mana potions|—||great health potions|—|
💀 Choking Fear – Bounty Hunt (Upper Roshamuul North),Silencer,304.0,1,105,31920,silencer claws|3804|🧪|platinum coins|—||gold coins|—|
🔥 Asura Citadel Hunt,Silverfrost Sentinel,402.3,1,148,59539,small sapphires|214||platinum coins|—|
🔥 Asura Citadel Hunt,Iceplume Strider,363.0,1,148,53716,small sapphires|214||platinum coins|—|
🔥 Asura Citadel Hunt,True Frost Flower Asura,323.6,1,160,51777,
🔥 Asura Citadel Hunt,True Midnight Asura,71.8,1,197,14145,
