item,creatures,npc,npc_price,qty
Afflicted Strider Head,Afflicted Strider,Yasir,900,16-20
Afflicted Strider Worms,Afflicted Strider,Yasir,500,32-43
Alloy Legs,"Brachiodemon,Bulltaur Alchemist,Control Tower,Glooth Battery,Metal Gargoyle,Sorcerer's Apparition,Ghulosh,Katex Blood Tongue,Yirkas Blue Scales",Outro,11000,10-17
Amber Souvenir,"Quara Looter,Quara Plunderer,Quara Raider",Outro,850,40-42
Ancient Belt Buckle,"Broken Shaper,Twisted Shaper",Yasir,260,63-99
Ancient Stone,"Animated Ogre Brute,Eternal Guardian,Museum Stone Golem,Ogre Brute,Stone Devourer,Stone Golem,Ancient Spawn of Morgathla,The Last Lore Keeper,The Source of Corruption",Outro,200,105-192
Angelic Axe,"Humongous Fungus,Lucifuga Aranea,Mutated Tiger,Weretiger,Feroxa,Weakened Shlorg",Djinn,5000,13-19
Badger Boots,"Werebadger,Feroxa,Sharpclaw,The Baron from Below",Outro,7500,11-15
Banana Sash,"Merlkin,Sibang",Yasir,55,11-18
Basalt Crumbs,"Darklight Emitter,Wandering Pillar",Outro,3000,12-15
Basalt Fetish,"Lost Basher,Lost Exile,Lost Husher,Lost Thrower",Yasir,210,55-88
Basalt Figurine,"Lost Basher,Lost Exile,Lost Husher,Lost Thrower",Yasir,160,49-57
Bashmu Fang,"Bashmu,Juvenile Bashmu",Yasir,600,11-19
Bashmu Feather,"Bashmu,Juvenile Bashmu",Yasir,350,32-45
Bashmu Tongue,"Bashmu,Juvenile Bashmu",Yasir,400,25-50
Battle Shield,"Animated Cyclops,Assassin,Cyclops,Cyclops Drone,Cyclops Smith,Demon Skeleton,Dwarf Guard,Elf Overseer,Frost Giant,Frost Giantess,Gargoyle,Hellspawn,Memory of a Dwarf,Memory of a Pirate,Minotaur Guard,Mutated Bat,Orc Rider,Pirate Buccaneer,Undead Minion,War Golem,Foreman Kneebiter,General Murius,The Horned Fox",Outro,95,26-45
Black Shield,"Animated Mummy,Candy Horror,Furious Scorpion,Gloom Maw,Lost Basher,Lost Berserker,Magma Crawler,Mummy,Mutated Bat,Priestess,Sandstone Scorpion,Thanatursus,Werehyaena Shaman,Wiggler,Bruise Payne",Djinn,800,10-17
Blemished Spawn Abdomen,Blemished Spawn,Yasir,550,66-74
Blemished Spawn Head,Blemished Spawn,Yasir,800,32-41
Blemished Spawn Tail,Blemished Spawn,Yasir,1000,12-20
Bloated Maggot,Bloated Man-Maggot,Yasir,5200,10-20
Blood Amulet,Dworc Shadowstalker,Yasir,1230,30-50
Blood Hood,Norcferatu Nightweaver,Outro,1550,26-38
Blood Preservation,"Nightfiend,Vampire,Vampire Bride,Vampire Viscount,Vicious Manbat,Arachir The Ancient One,Arthei,Boreth,Diblis The Fair,Lersatio,The Pale Count,Vladrukh",Yasir,320,11-12
Blood Tincture in a Vial,"Blood Hand,Blood Priest",Yasir,360,27-33
Bloodshot Giant Eye,Orclops Bloodbreaker,Yasir,1820,28-48
Blue Goanna Scale,"Young Goanna,Yirkas Blue Scales",Yasir,230,43-48
Boar Man Hoof,Boar Man,Yasir,600,27-48
Boggy Dreads,"Bog Raider,Weakened Shlorg",Yasir,200,31-42
Bola,"Corym Charlatan,Corym Skirmisher,Corym Vanguard",Yasir,35,50-62
Bone Club,"Bonebeast,Corrupted Skeleton,Demon (Goblin),Dreadbeast,Goblin,Goblin Assassin,Goblin Leader,Goblin Scavenger,Muglex Clan Scavenger,Orger,Pirate Skeleton,Troll-Trained Salamander,Munster,Necropharus,Salamander Trainer",Outro,5,28-38
Bone Fetish,"Animated Ogre Shaman,Lost Basher,Lost Exile,Lost Husher,Ogre Sage,Ogre Shaman,Shaper Matriarch",Yasir,150,53-100
Bone Fibula,Orclops Bloodbreaker,Yasir,580,40-46
Bone Rattle,Dworc Shadowstalker,Yasir,790,39-47
Bone Shoulderplate,Draken Warmaster,Yasir,150,77-88
Bone Toothpick,"Orclops Bloodbreaker,Orclops Doomhauler,Orclops Ravager,Skeleton Elite Warrior",Yasir,150,64-64
Bonebreaker,"Animated Ogre Brute,Armadile,Diamond Servant,Diamond Servant Replica,Memory of an Ogre,Ogre Brute,War Golem,Werecrocodile,Werewolf,Worker Golem,Ancient Spawn of Morgathla,Darkfang,Feroxa,Ghazbaran,Hemming,Leviathan,Outburst,Ragiaz,The Shatterer,The Unarmored Voidborn,World Devourer,Zavarash",Djinn,10000,10-19
Bonecarving Knife,"Lost Basher,Lost Exile,Lost Husher",Yasir,190,31-46
Bony Tail,"Bonebeast,Ribstride",Yasir,210,36-41
Book of Necromantic Rituals,"Blood Hand,Blood Priest,Floating Savant,Necromancer,Necromancer Servant,Shadow Pupil,Necropharus",Yasir,180,61-100
Book Page,"Biting Book,Burning Book,Cursed Book,Energetic Book,Energuardian of Tales,Guardian of Tales,Icecold Book,Knowledge Elemental",Yasir,640,174-395
Book with a Dragon,"Bramble Wyrmling,Cinder Wyrmling,Inkwing",Yasir,1800,35-47
Book with an Hourglass,Headwalker,Yasir,1450,12-14
Bowl of Terror Sweat,"Feversleep,Shiversleep,Terrorsleep",Yasir,500,55-96
Brigadeiro,"Candy Horror,Sugar Daddy",Outro,2640,11-19
Brinebrute Claw,"Brinebrute Inferniarch,Malvaroth",Yasir,2600,107-131
Broadsword,"Afflicted Strider,Dragon,Orc Leader,Renegade Orc,Demodras,Dragon Hoard,Grand Mother Foulscale",Djinn,500,10-18
Broken Draken Mail,"Draken Elite,Paiz the Pauperizer",Outro,340,66-94
Broken Gladiator Shield,"Undead Elite Gladiator,Undead Gladiator",Outro,190,10-16
Broken Halberd,Lizard Legionnaire,Outro,100,50-84
Broken Mitmah Necklace,"Atab,Mitmah Scout,Mitmah Vanguard",Outro,210,58-92
Broken Slicer,"Draken Elite,Paiz the Pauperizer",Outro,120,121-166
Broken Throwing Axe,Lost Thrower,Outro,230,39-46
Broodrider Saddle,Broodrider Inferniarch,Yasir,2800,12-18
Buckle,"Lost Basher,Lost Exile,Lost Husher,Lost Thrower,Mycobiontic Beetle,Spiky Carnivor",Rashid,7000,12-20
Bulltaur Armor Scrap,Bulltaur Brute,Yasir,480,114-185
Bulltaur Hoof,Bulltaur Brute,Yasir,540,30-47
Bulltaur Horn,"Bulltaur Alchemist,Bulltaur Brute,Bulltaur Forgepriest",Yasir,385,69-80
Bundle of Cursed Straw,Blightwalker,Yasir,800,104-191
Carnisylvan Bark,"Dark Carnisylvan,Hulking Carnisylvan,Poisonous Carnisylvan",Yasir,230,295-318
Carnisylvan Finger,"Dark Carnisylvan,Hulking Carnisylvan,Poisonous Carnisylvan",Yasir,250,300-354
Carnivostrich Feather,Carnivostrich,Yasir,630,49-70
Cat's Paw,"Dark Torturer,Hemming,Mr. Punish,The Scourge of Oblivion",Yasir,2000,9-21
Cave Devourer Eyes,Cave Devourer,Yasir,550,101-179
Cave Devourer Legs,Cave Devourer,Yasir,350,101-134
Cave Devourer Maw,Cave Devourer,Yasir,600,101-168
Centipede Leg,Centipede,Yasir,28,36-44
Chain Leash,Gloom Maw,Yasir,970,31-50
Chaos Mace,"Animated Moohtant,Destroyer,Infernal Phantom,Juvenile Bashmu,Lost Basher,Lost Berserker,Moohtant,Nightstalker,Norcferatu Heartless,Alptramun,Anomaly,Bretzecutioner,Duke Krule,Ferumbras,Ferumbras Mortal Shell,Gorzindel,Izcandar Champion of Summer,Izcandar Champion of Winter,Izcandar the Banished,Malofur Mangrinder,Maxxenius,Outburst,Plagueroot,Rupture,Shulgrax,Sir Valorcrest,Tarbaz,The Nightmare Beast,The Pale Count,The Percht Queen,The Scourge of Oblivion,The Shatterer,Utua Stone Sting,Weakened Shlorg",Rashid,9000,11-18
Chasm Spawn Abdomen,Chasm Spawn,Yasir,240,70-99
Chasm Spawn Head,Chasm Spawn,Yasir,850,267-483
Chasm Spawn Tail,Chasm Spawn,Yasir,120,256-457
Cheese Cutter,"Corym Charlatan,Corym Skirmisher,Corym Vanguard",Yasir,50,72-95
Cheesy Figurine,"Cobra Scout,Corym Charlatan,Corym Skirmisher,Corym Vanguard",Yasir,150,51-72
Cluster of Crystallized Death,"Creepy Crawler,Crypt Construct,Crypt Fiend",Outro,9000,10-18
Cobra Crest,"Cobra Assassin,Cobra Scout,Cobra Vizier,Custodian,Gaffir,Guard Captain Quaid",Yasir,650,54-54
Colourful Feather,"Iks Yapunac,Terror Bird",Yasir,110,13-20
Colourful Snail Shell,"Nymph,Pixie,Swan Maiden",Yasir,250,61-99
Combat Knife,"Assassin,Enraged Soul,Foam Stalker,Ghost,Goggle Cake,Orger,Smuggler,Tarnished Spirit,Venerable Foam Stalker,Werehyaena,White Lion,Ancient Lion Knight,General Murius,The Horned Fox",Outro,1,17-36
Compound Eye,"Crawler,Hive Overseer,Insectoid Worker,Kollos,Spidris,Spidris Elite,Spitter,Swarmer,Waspoid,Chopper,Fleshslicer,Maw,Mindmasher,Rotspit,Shadowstalker,The Hungerer,The Mean Masher",Yasir,150,66-97
Cookbook,Crusader,Outro,870,11-17
Coral Branch,"Foam Stalker,Venerable Foam Stalker",Yasir,360,29-41
Cowbell,"Minotaur Amazon,Minotaur Cult Follower,Minotaur Cult Prophet",Outro,210,52-151
Crab Man Claws,Crape Man,Outro,550,50-67
Cracked Alabaster Vase,"Broken Shaper,Shaper Matriarch,Twisted Shaper",Yasir,180,56-56
Crawler's Essence,Branchy Crawler,Yasir,3700,12-20
Cry-Stal,Shrieking Cry-Stal,Outro,3200,32-50
Crystal Bone,Instable Breach Brood,Yasir,250,25-29
Crystal Crossbow,"Branchy Crawler,Cave Chimera,Cliff Strider,Crazed Summer Rearguard,Freakish Lost Soul,Haunted Hunter,Mould Phantom,Naga Archer,Orewalker,Quara Looter,Sulphur Spouter,Abyssador,Deathstrike,Gnomevil,Guard Captain Quaid,Mazzinor",Rashid,35000,12-20
Crystal Mace,"Animated Feather,Boar Man,Brachiodemon,Darklight Striker,Eyeless Devourer,Icecold Book,Infernal Phantom,Ironblight,Juvenile Bashmu,Knight's Apparition,Lavafungus,Roaming Dread,Sight of Surrender,Squid Warden,Stone Devourer,Streaked Devourer,Tunnel Tyrant,Walker,White Weretiger,Eradicator,Ice Horror,Melting Frozen Horror,Realityquake,Tamru The Black,The Baron from Below,Utua Stone Sting,Vashresamun,Yakchal,Zamulosh,Zushuka",Rashid,12000,17-19
Crystal of the Mitmah,"Mitmah Seer,Atab,Mitmah Vanguard",Yasir,280,102-165
Crystal Sword,"Afflicted Strider,Barbarian Skullhunter,Boar Man,Crystal Spider,Elf Overseer,Energy Elemental,Enraged Crystal Golem,High Voltage Elemental,Ice Golem,Ice Witch,Knowledge Elemental,Menacing Carnivor,Nighthunter,Pirat Cutthroat,Spitter,Squid Warden,Werelion,Werelioness,Hirintror,Madareth,Melting Frozen Horror,Rotspit,Shardhead,Yakchal,Zushuka",Rashid,600,26-50
Crystalline Armor,"Animated Feather,Armadile,Crystal Wolf,Diamond Servant,Diamond Servant Replica,Haunted Hunter,Icecold Book,Orewalker,Quara Raider,Roaming Dread,Sea Serpent,Squid Warden,Tunnel Tyrant,Turbulent Elemental,Blight Mariner,Eradicator,Ghazbaran,Ice Overlord,Mazzinor,Melting Frozen Horror,Michael the Stalwart,Omrafir,Prince Drazzak,Ravenous Hunger,Realityquake,Rupture,The Count of the Core,The Duke of the Depths,The Winter Bloom,Zamulosh",Rashid,16000,10-18
Crystalline Spikes,"Armadile,Crystalcrusher,Enraged Crystal Golem,Ironblight,Stone Devourer",Outro,440,102-165
Crystalline Sword,"Brachiodemon,Branchy Crawler,Cliff Strider,Harpy,Abyssador,Anomaly,Deathstrike,Deep Terror,Gnomevil,Gorzindel,Melting Frozen Horror,Outburst",Ninguem,0,10-20
Crystallized Death,"Creepy Crawler,Crypt Construct,Crypt Fiend,Crypt Mage,Cyclursus,Haunted Hunter,Roaming Dread,Walking Dread",Outro,3000,52-97
Cuirass Plate,"Raubritter Marksman,Raubritter Skirmisher,Adlerauge,Michael the Stalwart",Outro,1000,52-100
Curious Matter,"Breach Brood,Anomaly,Burster,Gorzindel,Rupture,The Souldespoiler",Yasir,430,54-92
Cursed Shoulder Spikes,"Lizard Chosen,The Voice of Ruin",Yasir,320,27-37
Damaged Armor Plates,"Falcon Knight,Falcon Paladin,Grand Canon Dominus,Grand Chaplain Gaunder,Grand Commander Soeren",Yasir,280,13-19
Damselfly Eye,"Dawnfly,Emerald Damselfly",Yasir,25,76-78
Dandelion Seeds,"Arctic Faun,Faun,Nymph,Pixie",Yasir,200,54-87
Dangerous Proto Matter,"Dreadful Disruptor,Reality Reaver",Yasir,300,91-92
Dark Obsidian Splinter,"Darklight Construct,Darklight Source,Darklight Striker",Yasir,4400,25-49
Dark Rosary,"Dark Monk,Priestess",Yasir,48,29-47
Dark Shield,"Bellicose Orger,Grim Reaper,Haunted Dragon,Pirate Corsair,Silencer,Thanatursus,Werelion,Ancient Lion Knight,Bretzecutioner,Michael the Stalwart,The Handmaiden",Rashid,400,25-44
Darklight Basalt Chunk,Walking Pillar,Yasir,3800,49-49
Darklight Core,"Converter,Darklight Construct,Darklight Emitter,Darklight Matter,Darklight Source,Darklight Striker,Walking Pillar,Wandering Pillar",Outro,4100,30-48
Darklight Matter,"Converter,Darklight Matter",Outro,5500,11-20
Dead Weight,Choking Fear,Yasir,450,78-111
Deadly Fangs,"Cyclursus,Haunted Hunter",Outro,5500,50-93
Decayed Finger Bone,"Oozing Carcass,Sopping Carcass",Outro,5100,11-20
Deepling Breaktime Snack,"Deepling Guard,Deepling Tyrant",Yasir,90,53-97
Deepling Claw,"Deepling Guard,Deepling Tyrant",Yasir,430,29-42
Deepling Guard Belt Buckle,"Deepling Guard,Deepling Tyrant",Yasir,230,42-50
Deepling Ridge,"Deathling Scout,Deathling Spellsinger,Deepling Elite,Deepling Warrior,Neutral Deepling Warrior",Yasir,360,101-185
Deepling Scales,"Deepling Brawler,Deepling Worker,Shark",Yasir,80,31-44
Deeptags,"Deathling Scout,Deathling Spellsinger,Deepling Elite,Deepling Warrior,Neutral Deepling Warrior",Yasir,290,152-199
Deepworm Jaws,Deepworm,Yasir,500,72-95
Deepworm Spike Roots,Deepworm,Yasir,650,112-179
Deepworm Spikes,Deepworm,Yasir,800,30-48
Demon Root,"Rootthing Amber Shaper,Rootthing Bug Tracker,Rootthing Nutshell",Outro,950,12-16
Demonic Matter,"Brinebrute Inferniarch,Broodrider Inferniarch,Gorger Inferniarch,Hellhunter Inferniarch,Sineater Inferniarch,Spellreaper Inferniarch,Gralvalon,Malvaroth,Twisterror",Ninguem,0,14-18
Diamond Sceptre,"Animated Feather,Blemished Spawn,Cursed Book,Enfeebled Silencer,Girtablilu Warrior,Gore Horn,Hulking Carnisylvan,Ice Witch,Icecold Book,Juvenile Bashmu,Massive Earth Elemental,Nightmare Scion,Ogre Ruffian,Poisonous Carnisylvan,Silencer,Squid Warden,Swan Maiden,Varnished Diremaw,Annihilon,The Blazing Time Guardian,The Freezing Time Guardian,The Time Guardian,Zavarash",Rashid,3000,61-82
Diremaw Brainpan,Diremaw,Yasir,350,87-87
Diremaw Legs,Diremaw,Yasir,270,59-100
Dirty Turban,"Blue Djinn,Crypt Defiler,Grave Robber,Green Djinn,Nomad,Nomad (Blue),Nomad (Female)",Yasir,120,29-45
Double Axe,"Behemoth,Cyclops Smith,Diabolic Imp,Dragon,Dwarf Guard,Fire Devil,Memory of a Dwarf,Minotaur Guard,Orger,Quara Predator,Quara Predator Scout,Valkyrie,Brutus Bloodbeard,Demodras,Ferumbras,General Murius,Ghazbaran,Golgordan,Grand Mother Foulscale,Latrivan,Lethal Lissy,Morgaroth,Mr. Punish,Orshabaal,Ron The Ripper,Stonecracker,Tazhadur,The Horned Fox",Outro,260,31-50
Dowser,"Leaf Golem,Wilting Leaf Golem,Dazed Leaf Golem",Yasir,35,51-97
Dragolisk Eye,Dragolisk,Yasir,690,65-100
Dragolisk Poison Gland,Dragolisk,Yasir,475,52-93
Dragon Hammer,"Bulltaur Brute,Dragon,Orc Warlord,Demodras,Dire Penguin,Grand Mother Foulscale,Orshabaal,Tazhadur",Djinn,2000,10-18
Dragon Priest's Wandtip,"Lizard Dragon Priest,Flamecaller Zazrak",Yasir,175,37-50
Dragon Slayer,"Dragon Lord,Frost Dragon,Haunted Dragon,Undead Dragon,Dragon Hoard,Inkwing,Ushuriel",Rashid,15000,11-18
Dragon Tongue,"Ice Dragon,Wardragon,Eldritch Dragon Lord,Gelidrazah the Frozen,Kalyassa,Tazhadur,Zorvorax",Yasir,550,50-100
Dragon's Tail,"Dragolisk,Dragon,Dragon Hatchling",Yasir,100,62-62
Draken Wristbands,"Draken Elite,Paiz the Pauperizer",Yasir,430,66-97
Dream Essence Egg,"Crazed Summer Rearguard,Crazed Summer Vanguard,Crazed Winter Rearguard,Crazed Winter Vanguard,Insane Siren,Soul-broken Harbinger",Yasir,205,58-94
Dung Ball,"Insectoid Worker,Mindmasher",Yasir,130,57-93
Earflap,"Corym Charlatan,Corym Skirmisher,Corym Vanguard",Yasir,40,79-99
Elder Bonelord Tentacle,Elder Bonelord,Yasir,150,63-99
Elven Astral Observer,"Crazed Summer Vanguard,Crazed Winter Rearguard,Elf Arcanist,Dharalion",Yasir,90,289-483
Emerald Tortoise Shell,Emerald Tortoise,Yasir,2150,60-91
Empty Honey Glass,"Black Sphinx Acolyte,Burning Gladiator,Priestess of the Wild Sun",Yasir,270,12-20
Encrypted Notes,Bulltaur Alchemist,Yasir,620,27-49
Energy Ball,"Brain Squid,Dread Intruder,Energetic Book,Outburst",Yasir,300,55-92
Ensouled Essence,"Flimsy Lost Soul,Freakish Lost Soul,Mean Lost Soul",Yasir,820,29-49
Essence of a Bad Dream,"Arachnophobica,Nightmare,Nightmare Scion,Thanatursus,Tormentor",Yasir,360,362-429
Exalted Core,This item cannot be obtained from monsters.,Ninguem,0,5-11
Execowtioner Mask,Execowtioner,Outro,240,27-42
Eye of a Deepling,"Deathling Scout,Deathling Spellsinger,Deepling Brawler,Deepling Elite,Deepling Guard,Deepling Master Librarian,Deepling Scout,Deepling Spellsinger,Deepling Tyrant,Deepling Warrior,Deepling Worker,Shark,Reflection of Obujos",Yasir,150,101-178
Eye of a Weeper,Weeper,Yasir,650,28-50
Eye of Corruption,Draken Abomination,Yasir,390,53-97
Eyeless Devourer Legs,Eyeless Devourer,Yasir,650,31-45
Eyeless Devourer Maw,Eyeless Devourer,Yasir,420,50-99
Eyeless Devourer Tongue,Eyeless Devourer,Yasir,900,12-20
Fafnar Symbol,"Burning Gladiator,Priestess of the Wild Sun",Yasir,950,33-44
Falcon Crest,"Falcon Knight,Falcon Paladin,Grand Canon Dominus,Grand Chaplain Gaunder,Grand Commander Soeren",Yasir,650,11-20
Fig Leaf,"Barkless Devotee,Barkless Fanatic,Ravenous Hunger",Yasir,200,26-50
Fir Cone,"Grove Guardian,Leaf Golem,Wilting Leaf Golem,Dazed Leaf Golem",Yasir,25,69-92
Fire Axe,"Angry Demon,Brachiodemon,Demon,Feral Sphinx,Guardian of Tales,Hellfire Fighter,Infernal Phantom,Insane Siren,Lava Golem,Lost Basher,Lost Berserker,Lost Exile,Lost Husher,Mean Lost Soul,Rage Squid,Sulphider,Vexclaw,Weeper,Arbaziloth,Arbaziloth (Hard),Essence of Malice,Ferumbras,Furyosa,Golgordan,Latrivan,Mahrdis,Mazoran,Minishabaal,Morgaroth,Orshabaal,The Duke of the Depths,The Imperor,Xogixath",Djinn,8000,12-20
Flask of Demonic Blood,"Betrayed Wraith,Burning Book,Dark Torturer,Dawnfire Asura,Diabolic Imp,Falcon Knight,Floating Savant,Frost Flower Asura,Fury,Grim Reaper,Grimeleech,Hand of Cursed Fate,Hellflayer,Hellhound,Juggernaut,Midnight Asura,Nightmare,True Dawnfire Asura,True Frost Flower Asura,True Midnight Asura,Fluffy,Furyosa,Grand Chaplain Gaunder,Kerberos,Kusuma,Mazoran,Plagirath,Preceptor Lazare,Ragiaz,Razzagorn,Shulgrax,Tarbaz,The Blazing Rose,The Diamond Blossom,The Flaming Orchid,The Lily of Night,The Moonlight Aster,The Winter Bloom,Tormentor,Zamulosh",Ninguem,0,435-477
Flotsam,"Foam Stalker,Venerable Foam Stalker",Yasir,330,50-94
Focus Cape,"Afflicted Strider,Converter,Dawnfire Asura,Draken Spellweaver,Girtablilu Warrior,Harpy,Lavafungus,Lizard Dragon Priest,Lumbering Carnivor,Nightmare Scion,Pirat Cutthroat,Reality Reaver,Sea Serpent,Stabilizing Reality Reaver,Tremendous Tyrant,True Dawnfire Asura,Wyrm,Amenef the Burning,Captain Jones,Hellgorak,Raging Mage,Reflection of a Mage,Sister Hetai",Outro,6000,10-19
Fox Paw,"Fox,Werefox,Black Vixen",Yasir,100,120-189
Frazzle Tongue,"Animated Guzzlemaw,Frazzlemaw,Guzzlemaw,Nibblemaw,Weakened Frazzlemaw,Mawhawk,Reflection of Mawhawk",Yasir,700,56-85
Frozen Lightning,"Brain Squid,Dread Intruder,Anomaly,Rupture,Mazzinor",Yasir,270,65-84
Fur Armor,"Adult Goanna,Blemished Spawn,Capricious Phantom,Cave Chimera,Cunning Werepanther,Girtablilu Warrior,Lumbering Carnivor,Raubritter Skirmisher,Rotten Golem,Sun-marked Goanna,Turbulent Elemental,Varnished Diremaw,Werebear,Wereboar,Werecrocodile,Werepanther,Young Goanna,Bloodback,Feroxa,Michael the Stalwart,Owin,Shadowpelt",Outro,5000,14-17
Gauze Bandage,"Animated Mummy,Elder Mummy,Mummy,Mahatheb",Yasir,90,54-84
Ghastly Dragon Head,"Ghastly Dragon,Ethershreck,Hatebreeder",Yasir,700,47-50
Giant Pacifier,"Animated Moohtant,Moohtant,Bullwark,Moohtant Wallbreaker",Outro,170,25-50
Giant Tusk,"Creepy Crawler,Crypt Fiend",Outro,6000,58-63
Girlish Hair Decoration,"Amazon,Valkyrie",Yasir,30,27-44
Girtablilu Warrior Carapace,Girtablilu Warrior,Yasir,520,10-19
Glacier Mask,"Animated Feather,Animated Snowman,Crazed Winter Rearguard,Crystal Spider,Ice Dragon,Ice Golem,Icecold Book,Memory of a Dwarf,Monk's Apparition,Mycobiontic Beetle,Paladin's Apparition,Seacrest Serpent,Squid Warden,Earl Osam,Gelidrazah the Frozen,Hirintror,Neferi the Spy,Shardhead,The Bloodweb,Zushuka",Rashid,2500,56-100
Glacier Robe,"Crazed Winter Rearguard,Crazed Winter Vanguard,Druid's Apparition,Girtablilu Warrior,Goggle Cake,Hazardous Phantom,Icecold Book,Many Faces,Quara Pincher,Quara Predator,Quara Raider,Renegade Quara Pincher,Renegade Quara Predator,Schiach,Squid Warden,Tremendous Tyrant,Turbulent Elemental,Court Warlock,King Zelos,Srezz Yellow Eyes,Tarbaz,The Time Guardian,The Winter Bloom,Utua Stone Sting,Yakchal,Zushuka",Rashid,11000,11-20
Glacier Shoes,"Bluebeak,Foam Stalker,Ice Witch,Icecold Book,Many Faces,Seacrest Serpent,Soul-broken Harbinger,Two-Headed Turtle,Usurper Archer,Varnished Diremaw,Venerable Foam Stalker,Hirintror,Neferi the Spy,Zushuka",Rashid,2500,25-42
Glob of Acid Slime,"Acid Blob,Defiler,Stonerefiner",Outro,25,55-90
Glob of Glooth,"Devourer,Glooth Blob,Rot Elemental",Outro,125,50-92
Glob of Tar,"Death Blob,Defiler",Outro,30,67-97
Glooth Axe,"Blood Beast,Devourer,Glooth Anemone,Glooth Bandit,Glooth Blob,Glooth Brigand,Glooth Golem,Rot Elemental,Glooth Fairy,Lisa",Outro,1500,10-16
Glooth Blade,"Blood Beast,Devourer,Glooth Anemone,Glooth Bandit,Glooth Blob,Glooth Brigand,Glooth Golem,Glooth Fairy,Lisa",Outro,1500,12-19
Glooth Cape,"Devourer,Glooth Anemone,Glooth Bandit,Glooth Fairy,Lisa,Tremor Worm",Outro,7000,14-18
Glooth Club,"Blood Beast,Devourer,Glooth Anemone,Glooth Bandit,Glooth Blob,Glooth Brigand,Glooth Golem,Glooth Fairy,Lisa",Outro,1500,14-20
Glooth Injection Tube,"Glooth Golem,Glooth Fairy",Outro,350,107-195
Glorious Axe,"Bashmu,Bellicose Orger,Enfeebled Silencer,Enraged Crystal Golem,Enslaved Dwarf,Infernal Phantom,Lumbering Carnivor,Mutated Tiger,Orewalker,Silencer,Stone Devourer,Werecrocodile,Werelion,Feroxa,Ghazbaran,Weakened Shlorg",Djinn,3000,30-48
Glowing Rune,"Animated Feather,Biting Book,Brain Squid,Energetic Book,Energuardian of Tales,Guardian of Tales,Knowledge Elemental,Rage Squid,Squid Warden",Yasir,350,301-489
Goanna Claw,"Adult Goanna,Young Goanna",Yasir,260,13-18
Goanna Meat,"Adult Goanna,Sun-marked Goanna,Young Goanna",Yasir,190,104-196
Golden Legs,"Angry Demon,Dark Torturer,Demon,Fury,Rootthing Bug Tracker,Vexclaw,Arbaziloth,Ferumbras,Ferumbras Mortal Shell,Gaz'Haragoth,Ghazbaran,Golgordan,Hellgorak,Horadron,Latrivan,Minishabaal,Morgaroth,Orshabaal,Ragiaz,Realityquake,Rotrender Scourge of Azzilon,World Devourer",Rashid,30000,5-10
Golden Lotus Brooch,"Dawnfire Asura,Frost Flower Asura,Midnight Asura,True Dawnfire Asura,True Frost Flower Asura,True Midnight Asura,Kusuma,The Blazing Rose,The Diamond Blossom,The Flaming Orchid,The Lily of Night,The Moonlight Aster,The Winter Bloom",Yasir,270,58-81
Golden Sickle,"Angry Demon,Blightwalker,Boogy,Cunning Werepanther,Demon,Priestess of the Wild Sun,Werepanther,Arbaziloth,Arbaziloth (Hard),Latrivan,Orshabaal,Rotrender Scourge of Azzilon",Outro,1000,54-83
Golden Sun Coin,"Feral Werecrocodile,Werecrocodile,Ayana The Crimson Curse",Yasir,11000,11-15
Gore Horn,Gore Horn,Outro,2900,51-86
Gorerilla Mane,Gorerilla,Outro,2750,36-44
Gorerilla Tail,Gorerilla,Outro,2650,48-48
Gorger Antlers,Gorger Inferniarch,Yasir,2250,11-18
Grappling Hook,Pirat Scoundrel,Outro,150,54-88
Green Bandage,Putrid Mummy,Yasir,180,33-49
Guardian Shield,"Burning Book,Choking Fear,Cult Enforcer,Demon Skeleton,Diabolic Imp,Energy Elemental,Enslaved Dwarf,Fire Devil,Knowledge Elemental,Lost Berserker,Lost Exile,Lost Husher,Minotaur Invader,Mooh'Tah Warrior,Mutated Tiger,Spiky Carnivor,Undead Minion,Vicious Squire,Annihilon,Minishabaal,Terofar,The Imperor,Tyrn,Zavarash,Zomba,Zulazza the Corruptor",Djinn,2000,65-99
Halberd,"Animated Cyclops,Barbarian Bloodwalker,Cult Enforcer,Cyclops,Cyclops Drone,Foam Stalker,Frost Giant,Golden Servant,Golden Servant Replica,Hacker,Iron Servant,Iron Servant Replica,Lizard Sentinel,Mutated Rat,Orc Berserker,Orc Cult Inquisitor,Quara Mantassin,Quara Pincher,Quara Pincher Scout,Renegade Quara Pincher,Thanatursus,Venerable Foam Stalker,Vicious Squire,Wailing Widow,Werehyaena,Werewolf,Zombie,Annihilon,Black Knight,Esmeralda",Outro,400,76-90
Half-Digested Stones,Stonerefiner,Outro,40,265-353
Half-Eaten Brain,Zombie,Outro,85,25-45
Harpy Feathers,Harpy,Yasir,730,25-43
Headpecker Beak,Headpecker,Outro,2800,30-35
Headpecker Feather,Headpecker,Outro,1300,52-94
Heart Amphora,Norcferatu Heartless,Yasir,930,27-49
Heavy Machete,"Cobra Assassin,Cyclops Smith,Efreet,Marid,Menacing Carnivor,Fahim The Wise,Merikh the Slaughterer",Rashid,90,10-17
Heavy Trident,"Deathling Scout,Deathling Spellsinger,Deepling Brawler,Deepling Elite,Deepling Guard,Deepling Scout,Deepling Tyrant,Deepling Warrior,Deepling Worker,Neutral Deepling Warrior",Rashid,2000,11-20
Hellhound Slobber,"Hellhound,Kerberos",Yasir,500,124-200
Hemp Rope,Choking Fear,Yasir,350,56-72
Hibiscus Dress,"Angry Sugar Fairy,Nymph,Vampire Bride,Wyrm,Boreth",Rashid,3000,9-13
Hideous Chunk,Hideous Fungus,Yasir,510,25-47
High Guard Flag,Lizard High Guard,Yasir,550,43-49
High Guard Shoulderplates,Lizard High Guard,Yasir,130,65-96
Holy Ash,"Flickering Spirit Elemental,Lost Exile,Lost Husher,Psychic Spirit Elemental,Spirit Overlord",Yasir,160,102-190
Horoscope,"Blood Hand,Blood Priest,Shadow Pupil",Yasir,40,12-46
Human Teeth,"Dark Carnisylvan,Hulking Carnisylvan,Poisonous Carnisylvan",Yasir,2000,11-13
Humongous Chunk,Humongous Fungus,Yasir,540,28-50
Hydra Head,"Hydra,Lion Hydra",Yasir,600,30-50
Hydrophytes,Two-Headed Turtle,Yasir,220,153-190
Ice Flower,"Crazed Winter Rearguard,Crazed Winter Vanguard,Soul-broken Harbinger",Yasir,370,405-481
Idol of the Forge,Bulltaur Forgepriest,Yasir,950,42-49
Inkwell,"Brain Squid,Ink Blob,Ink Splash,Rage Squid,Squid Warden",Outro,720,253-484
Instable Proto Matter,"Brain Squid,Dread Intruder,Outburst",Yasir,300,51-96
Ivory Carving,"Werelion,Werelioness",Yasir,300,55-69
Key to the Drowned Library,"Deepling Master Librarian,Deepling Spellsinger",Yasir,330,25-50
Knife,"Assassin,Barbarian Headsplitter,Barbarian Skullhunter,Cobra Assassin,Crazed Summer Vanguard,Headpecker,Smuggler,Undead Prospector,Usurper Archer,Werehyaena,Ancient Lion Knight,Apprentice Sheng,Faceless Bane",Outro,1,50-97
Knight Axe,"Afflicted Strider,Blemished Spawn,Crusader,Execowtioner,Girtablilu Warrior,Hellhound,Hulking Carnisylvan,Lost Basher,Lost Berserker,Lost Exile,Lost Husher,Minotaur Invader,Pirat Cutthroat,Poisonous Carnisylvan,Skeleton Elite Warrior,Thanatursus,Tremendous Tyrant,Undead Elite Gladiator,Undead Gladiator,Amenef the Burning,Black Knight,Fluffy,Kerberos,Morguthis,Neferi the Spy,Sir Leonard,Sir Leopold,The Enraged Thorn Knight",Djinn,2000,34-38
Knight Legs,"Cliff Strider,Crystal Spider,Cult Enforcer,Foam Stalker,Giant Spider,Gore Horn,Hellspawn,Lost Basher,Menacing Carnivor,Mooh'Tah Warrior,Nightmare,Orewalker,Plaguesmith,Soul-broken Harbinger,Sulphur Spouter,Two-Headed Turtle,Usurper Knight,Usurper Warlock,Venerable Foam Stalker,Vicious Squire,Black Knight,Count Vlarkorth,Flameborn,Hellgorak,Hide,Horadron,Mamma Longlegs,Sir Baeloc,Sir Leonard,Sir Leopold,The Bloodweb,The Old Widow,Tormentor",Djinn,5000,11-42
Kongra's Shoulderpad,"Cursed Ape,Kongra",Yasir,100,103-175
Lamassu Hoof,"Crypt Warden,Lamassu",Yasir,330,155-195
Lamassu Horn,"Crypt Warden,Lamassu",Yasir,240,51-94
Lancer Beetle Shell,"Lancer Beetle,The Blightfather",Yasir,80,53-100
Lancet,"Blood Hand,Blood Priest",Yasir,90,30-48
Lavafungus Head,Lavafungus,Yasir,900,40-60
Lavafungus Ring,Lavafungus,Yasir,390,107-200
Lavaworm Jaws,Lavaworm,Yasir,1100,11-19
Lavaworm Spike Roots,Lavaworm,Yasir,600,83-83
Lavaworm Spikes,Lavaworm,Yasir,750,26-39
Lightning Boots,"Burning Gladiator,Cursed Prospector,Elder Wyrm,Energetic Book,Juvenile Bashmu,Lich,Mercurial Menace,Pirat Bombardier,War Golem,Gravelord Oshuran,Mazzinor,Omrafir,Prince Drazzak",Rashid,2500,16-17
Lightning Headband,"Brain Squid,Burning Gladiator,Cloak of Terror,Courage Leech,Cunning Werepanther,Energetic Book,Evil Prospector,Giant Spider,High Voltage Elemental,Hulking Carnisylvan,Reality Reaver,Sphinx,Stabilizing Reality Reaver,Two-Headed Turtle,Usurper Warlock,Werelioness,Anomaly,Burster,Lord Azaram,Neferi the Spy,Outburst,Realityquake,Rupture,Sister Hetai,Tyrn,World Devourer",Rashid,2500,18-44
Lightning Robe,"Bulltaur Forgepriest,Cursed Prospector,Elder Wyrm,High Voltage Elemental,Raubritter Chastener,Warlock,Anomaly,Court Warlock,King Zelos,Mad Mage,Omrafir,Outburst,Prince Drazzak,Realityquake,Tyrn,Zarabustor",Rashid,11000,13-16
Lime Tart,"Nibblemaw,Sugar Daddy",Outro,1870,12-20
Liodile Fang,Liodile,Outro,480,28-47
Lion Cloak Patch,"Usurper Archer,Usurper Commander,Usurper Knight,Usurper Warlock",Yasir,190,67-83
Lion Crest,"Usurper Archer,Usurper Commander,Usurper Knight,Usurper Warlock",Yasir,270,28-45
Lost Basher's Spike,Lost Basher,Yasir,280,35-48
Lost Bracers,Lost Thrower,Yasir,140,25-43
Luminous Orb,"Draken Spellweaver,Raging Mage,Warlock,Ancient Spawn of Morgathla,Lloyd,Mad Mage,Ravenous Hunger,Reflection of a Mage,The Baron from Below,The Blazing Time Guardian,The Count of the Core,The Duke of the Depths,The Freezing Time Guardian,The Sandking,The Time Guardian",Yasir,1000,10-20
Lump of Earth,"Brimstone Bug,Clay Guardian,Drillworm,Earth Elemental,Jagged Earth Elemental,Massive Earth Elemental,Muddy Earth Elemental,Earth Overlord,Sulphur Scuttler,The Shatterer",Yasir,130,293-465
Mad Froth,Lost Thrower,Yasir,80,70-97
Magma Boots,"Burning Gladiator,Crazed Summer Vanguard,Dragon Lord Hatchling,Feral Sphinx,Hellflayer,Hellhound,Honey Elemental,Infernal Demon,Infernalist,Lava Golem,Magma Crawler,Manticore,Massive Fire Elemental,Orc Warlord,Pirat Bombardier,Sphinx,Sulphider,Wandering Pillar,Bibby Bloodbath,Count Vlarkorth,Sister Hetai,The Souldespoiler,Warlord Ruzad",Rashid,2500,26-40
Magma Clump,"Lava Golem,Magma Crawler,Vulcongra,Walking Pillar,Wandering Pillar,Weeper",Outro,570,111-171
Magma Coat,"Afflicted Strider,Burning Book,Cinder Wyrmling,Crape Man,Dawnfire Asura,Diabolic Imp,Gazer Spectre,Girtablilu Warrior,Gorerilla,Guardian of Tales,Hellfire Fighter,Hellhound,Insane Siren,Lava Golem,Manticore,Percht,Sabretooth,Shaburak Lord,Shaburak Prince,Stalking Stalk,True Dawnfire Asura,Vulcongra,Wandering Pillar,Weeper,Court Warlock,Fire Overlord,Furyosa,Gaz'Haragoth,King Zelos,Mazoran,Morgaroth,Scarlett Etzel,Sister Hetai,The Baron from Below,The Blazing Rose,The Count of the Core,The Flaming Orchid,The Imperor,The Sandking,The Time Guardian,Urmahlullu the Weakened",Rashid,11000,14-48
Magma Legs,"Broodrider Inferniarch,Feral Sphinx,Grimeleech,Guardian of Tales,Hellfire Fighter,Hellflayer,Hellhound,Honey Elemental,Insane Siren,Manticore,Massive Fire Elemental,Percht,Shaburak Demon,Sphinx,Usurper Knight,Walking Pillar,Weeper,Werelioness,Arbaziloth,Arbaziloth (Hard),Ferumbras,Ferumbras Mortal Shell,Furyosa,Hellgorak,Mazoran,The Blazing Time Guardian,The Flaming Orchid,The Freezing Time Guardian,The Time Guardian,Utua Stone Sting,Yirkas Blue Scales",Rashid,11000,9-15
Magma Monocle,"Burning Book,Cinder Wyrmling,Diabolic Imp,Efreet,Feral Sphinx,Hellhound,Insane Siren,Manticore,Marid,Percht,Raubritter Chastener,Sphinx,Usurper Warlock,Werepanther,Clavius,Essence of Malice,Fahim The Wise,Merikh the Slaughterer,Overseer Osverger,Scarlett Etzel,Sir Baeloc,Urmahlullu the Weakened",Rashid,2500,11-17
Makara Fin,Makara,Yasir,350,26-37
Makara Tongue,Makara,Yasir,320,29-36
Mammoth Tusk,"Mammoth,The Bloodtusk",Yasir,100,68-79
Mammoth Whopper,"Chakoya Toolshaper,Chakoya Tribewarden,Crypt Warrior,Mammoth,Memory of a Mammoth,Skeleton Elite Warrior,Ocyakao",Rashid,300,13-20
Manticore Ear,"Manticore,Enusat the Onyx Wing",Yasir,310,30-56
Manticore Tail,"Manticore,Enusat the Onyx Wing",Yasir,220,69-97
Mantosaurus Jaw,Mantosaurus,Outro,2800,37-48
Mega Dragon Heart,Mega Dragon,Yasir,1100,12-17
Mercenary Sword,"Afflicted Strider,Betrayed Wraith,Eyeless Devourer,Foam Stalker,Glooth Brigand,Infernal Demon,Mean Lost Soul,Mutated Bat,Raubritter Skirmisher,Retching Horror,Rotten Golem,Serpent Spawn,Streaked Devourer,Venerable Foam Stalker,Amenef the Burning,Blight Mariner,Bruise Payne,Ghulosh,Madareth,Man in the Cave,Michael the Stalwart,Plagirath,The Noxious Spawn,Unaz the Mean,Utua Stone Sting",Rashid,12000,10-20
Mercurial Wing,Mercurial Menace,Outro,2500,58-93
Metal Bat,"Brachiodemon,Eyeless Devourer,Metal Gargoyle,Rustheap Golem,The Unarmored Voidborn",Outro,9000,10-15
Metal Jaw,Metal Gargoyle,Outro,260,64-82
Metal Spats,"Bellicose Orger,Control Tower,Glooth Battery,Gore Horn,Lavafungus,Metal Gargoyle,Ogre Ruffian,Sabretooth,Walker,Sister Hetai",Outro,2000,10-19
Mino Lance,"Minotaur Amazon,Minotaur Cult Follower",Outro,7000,16-16
Mino Shield,"Bulltaur Brute,Minotaur Amazon,Minotaur Cult Follower,Minotaur Hunter,Thanatursus,Usurper Archer,The False God",Outro,3000,101-171
Molten Dragon Essence,Mega Dragon,Yasir,840,25-32
Mould Heart,Mould Phantom,Yasir,2100,10-19
Mouldy Powder,"Pirat Bombardier,Pirat Mate",Yasir,200,55-99
Mummified Demon Finger,"Brinebrute Inferniarch,Broodrider Inferniarch,Gorger Inferniarch,Hellhunter Inferniarch,Sineater Inferniarch,Spellreaper Inferniarch",Yasir,800,10-20
Mutated Bat Ear,"Mutated Bat,Bruise Payne",Yasir,420,26-50
Mutated Flesh,Mutated Human,Yasir,50,52-99
Mutated Rat Tail,"Mutated Rat,Esmeralda",Yasir,150,29-42
Naga Archer Scales,Naga Archer,Yasir,340,250-496
Naga Armring,"Naga Archer,Naga Warrior",Yasir,390,31-36
Naga Earring,"Naga Archer,Naga Warrior",Yasir,380,50-96
Naga Warrior Scales,Naga Warrior,Yasir,340,423-472
Necromantic Core,"Creepy Crawler,Crypt Fiend,Crypt Mage,Cyclursus,Roaming Dread,Walking Dread",Outro,10000,26-50
Necromantic Rust,"Rustheap Golem,The False God",Outro,390,104-190
Night Harpy Feathers,Night Harpy,Outro,5000,26-44
Nighthunter Wing,Nighthunter,Outro,2000,299-400
Nimmersatt's Seal,"Dragolisk,Mega Dragon,Wardragon",Yasir,520,60-84
Odd Organ,"Brain Squid,Dread Intruder,Essence of Malice,Rupture,The Souldespoiler",Yasir,410,81-94
Ogre Ear Stud,"Animated Ogre Brute,Animated Ogre Savage,Animated Ogre Shaman,Ogre Brute,Ogre Rowdy,Ogre Ruffian,Ogre Sage,Ogre Savage,Ogre Shaman,Shaper Matriarch",Yasir,180,132-164
Old Girtablilu Carapace,Venerable Girtablilu,Yasir,570,25-35
Orcish Axe,"Orc Cult Fanatic,Orc Cult Inquisitor,Orc Cult Minion,Orc Cultist,Orc Marauder,Orc Rider,Orc Warlord,Orclops Bloodbreaker,Orclops Doomhauler,Orclops Ravager,Rorc,Bibby Bloodbath,Cublarc the Plunderer,Vladrukh,Warlord Ruzad",Outro,350,26-49
Orcish Gear,"Orc Berserker,Orc Cult Inquisitor",Yasir,85,54-74
Orcish Toothbrush,Orclops Bloodbreaker,Yasir,750,29-47
Ornate Crossbow,"Capricious Phantom,Cave Chimera,Deepling Guard,Deepling Master Librarian,Deepling Spellsinger,Deepling Tyrant,Eyeless Devourer,Feral Werecrocodile,Freakish Lost Soul,Harpy,Mitmah Scout,Mould Phantom,Naga Archer,Streaked Devourer,Usurper Archer,Adlerauge,Ayana The Crimson Curse,Katex Blood Tongue,Melting Frozen Horror,Vok the Freakish,Yirkas Blue Scales",Outro,12000,12-20
Pair of Hellflayer Horns,Hellflayer,Yasir,1300,63-83
Paper Boat,Bluebeak,Yasir,800,30-50
Paper Plane,Shell Drake,Yasir,480,56-88
Piece of Draconian Steel,"Plaguesmith,Earl Osam,Soul of Dragonking Zyrtarch,The False God",Outro,480,13-166
Piece of Frozen Night,"Gloom Maw,Norcferatu Nightweaver",Yasir,680,27-49
Piece of Hell Steel,"Plaguesmith,Duke Krule,Earl Osam,Lloyd,Lord Azaram,Sir Baeloc,The False God,The Source of Corruption",Outro,500,12-15
Piece of Warrior Armor,"Minotaur Guard,Minotaur Invader,The Horned Fox",Yasir,50,12-15
Pirat's Tail,"Pirat Bombardier,Pirat Cutthroat,Pirat Mate,Pirat Scoundrel",Yasir,180,70-90
Pirate Coin,"Pirat Bombardier,Pirat Cutthroat,Pirat Mate,Pirat Scoundrel,Ratmiral Blackwhiskers,Tentugly's Head",Yasir,110,286-439
Plasma Pearls,"Breach Brood,Dreadful Disruptor,Instable Breach Brood,Reality Reaver,Stabilizing Reality Reaver,Burster,Essence of Malice,Rupture,The Souldespoiler",Yasir,250,50-80
Plasmatic Lightning,"Dreadful Disruptor,Reality Reaver,Eradicator,The Scourge of Oblivion",Yasir,270,51-99
Plate Legs,"Bog Raider,Dragon,Ghastly Dragon,Giant Spider,Orc Cult Fanatic,Orc Leader,Orc Warlord,Renegade Orc,Sea Serpent,Undead Elite Gladiator,Undead Gladiator,Bibby Bloodbath,Countess Sorrow,Demodras,Grand Mother Foulscale,The Snapper,Warlord Ruzad",Outro,115,114-197
Poisoned Fang,Blood Beast,Outro,130,134-190
Pool of Chitinous Glue,Retching Horror,Yasir,480,58-95
Pot of Orcish Warpaint,Norcferatu Heartless,Yasir,1150,32-48
Prehemoth Claw,Hulking Prehemoth,Outro,2300,36-82
Prehemoth Horns,Hulking Prehemoth,Outro,3000,27-41
Pressed Flower,Hawk Hopper,Yasir,570,12-19
Pulverized Ore,"Cliff Strider,Drillworm,Orewalker",Outro,400,97-107
Quara Bone,"Quara Predator,Quara Predator Scout,Renegade Quara Predator",Yasir,500,26-46
Quara Eye,"Quara Hydromancer,Quara Hydromancer Scout,Renegade Quara Hydromancer",Yasir,350,107-166
Quara Pincers,"Quara Pincher,Quara Pincher Scout,Quara Raider,Renegade Quara Pincher",Yasir,410,101-177
Quara Tentacle,"Quara Constrictor,Quara Constrictor Scout,Renegade Quara Constrictor",Yasir,140,110-189
Ratana,"Corym Charlatan,Corym Skirmisher,Corym Vanguard,Werehyaena",Outro,500,29-48
Raw Meat,"Animated Clomp,Clomp,Museum Stone Rhino,Stone Rhino",Ninguem,0,12-159
Red Goanna Scale,"Adult Goanna,Sun-marked Goanna",Yasir,270,57-100
Red Hair Dye,"Lost Basher,Lost Exile,Lost Husher,Lost Thrower",Yasir,40,63-97
Relic Sword,"Eyeless Devourer,Naga Warrior,Priestess of the Wild Sun,Quara Predator,Renegade Quara Predator,Spectre,Streaked Devourer,Undead Elite Gladiator,Undertaker,Werebear,Werewolf,Feroxa,Madareth,Shadowpelt,Thul","Yasir, Rashid",25000,15-19
Resin Parasite,"Rootthing Amber Shaper,Rootthing Bug Tracker,Rootthing Nutshell",Outro,1450,13-19
Resinous Fish Fin,"Quara Looter,Quara Plunderer,Quara Raider",Yasir,1250,12-20
Rhindeer Antlers,Rhindeer,Yasir,68,28-49
Ripper Lance,"Cunning Werepanther,Dworc Fleshhunter,Dworc Shadowstalker,Insectoid Scout,Sopping Carcass,Werepanther,Fleshslicer,Mindmasher",Yasir,500,10-18
Ripptor Claw,Noxious Ripptor,Yasir,2600,25-44
Ripptor Scales,Noxious Ripptor,Yasir,1200,25-50
Ritual Bone Knife,Varg,Yasir,820,31-41
Ritual Tooth,"Iks Ahpututu,Iks Aucar,Iks Chuka,Iks Pututu,Iks Yapunac,Ahau",Yasir,135,28-42
Roots,Branchy Crawler,Yasir,1200,28-48
Rotten Feather,"Iks Ahpututu,Iks Aucar,Iks Chuka,Iks Pututu,Ahau",Yasir,120,12-20
Rotten Piece of Cloth,Ghoul,Yasir,30,180-192
Rotten Roots,"Bloated Man-Maggot,Meandering Mushroom,Mycobiontic Beetle,Oozing Carcass,Oozing Corpus,Rotten Man-Maggot,Sopping Carcass,Sopping Corpus",Yasir,3800,26-49
Rubber Cap,"Darklight Matter,Glooth Bandit,Glooth Brigand,Glooth Golem,Rotten Golem,Turbulent Elemental,Glooth Fairy",Outro,11000,12-16
Sabretooth Fur,Sabretooth,Outro,2500,70-93
Sandcrawler Shell,Sandcrawler,Yasir,20,10-19
Scale of Corruption,"Draken Abomination,Lizard Chosen",Yasir,680,27-27
Scarab Pincers,"Ancient Scarab,Ancient Spawn of Morgathla,Fleshcrawler",Yasir,280,65-90
Scimitar,"Burning Book,Cobra Assassin,Crazed Summer Vanguard,Diabolic Imp,Fire Devil,Honour Guard,Naga Warrior,Orc Leader,Orc Warlord,Renegade Orc,Salamander,Undead Elite Gladiator,Undead Gladiator,Ushuriel,Warlord Ruzad",Djinn,150,28-40
Scorpion Charm,"Venerable Girtablilu,Girtablilu Warrior",Yasir,620,17-18
Scroll of Heroic Deeds,"Hero,Renegade Knight,Vile Grandmaster",Yasir,230,38-38
Scythe Leg,"Nightmare,Nightmare Scion,Tormentor",Yasir,450,29-37
Sealing Wax,Lion Hydra,Yasir,620,27-27
Shaggy Tail,"Gnarlhound,Orc Marauder,Cublarc the Plunderer,Fleabringer",Yasir,25,54-98
Shamanic Talisman,"Animated Ogre Shaman,Ogre Sage,Ogre Shaman,Shaper Matriarch",Yasir,200,26-46
Shark Fins,"Pirat Cutthroat,Pirat Mate",Yasir,250,50-95
Shimmering Beetles,"Arctic Faun,Boogy,Dark Faun,Faun,Pooka,Twisted Pooka,Raxias",Yasir,150,107-192
Shiny Stone,"Cliff Strider,Crystal Wolf,Enslaved Dwarf,Eternal Guardian,Gargoyle,Ghastly Dragon,Ironblight,Metal Gargoyle,Museum Stone Golem,Orewalker,Spectre,Stone Golem,Earth Overlord,Ethershreck,Fahim The Wise,Grorlam,Merikh the Slaughterer,Stonecracker,The Shatterer",Outro,500,63-98
Silencer Resonating Chamber,Silencer,Yasir,600,
Silken Bookmark,"Biting Book,Burning Book,Cursed Book,Energetic Book,Icecold Book,Knowledge Elemental",Yasir,1300,343-395
Silver Moon Coin,"Weretiger,White Weretiger,Tamru The Black",Outro,11000,10-20
Silver Poniard,"Raubritter Chastener,Raubritter Skirmisher,Clavius,Michael the Stalwart",Outro,2000,15-20
Sineater Wing,Sineater Inferniarch,Yasir,2100,14-17
Single Human Eye,Putrid Mummy,Yasir,1000,69-97
Skull Fetish,"Animated Ogre Brute,Animated Ogre Savage,Animated Ogre Shaman,Ogre Brute,Ogre Rowdy,Ogre Ruffian,Ogre Sage,Ogre Savage,Ogre Shaman,Shaper Matriarch,The Unarmored Voidborn",Yasir,250,96-98
Skullcracker Armor,"Bony Sea Devil,Frost Flower Asura,Grim Reaper,Haunted Dragon,Midnight Asura,Sopping Corpus,True Frost Flower Asura,True Midnight Asura,Undead Dragon,Annihilon,Feroxa,The Moonlight Aster,The Scourge of Oblivion,Zavarash",Rashid,18000,10-15
Slimy Leaf Tentacle,"Glooth Anemone,Lisa",Outro,320,105-184
Sliver,This item cannot be obtained from monsters.,Ninguem,0,53-100
Small Flask of Eyedrops,"Bonelord,Elder Bonelord,Gazer,Bonelord's Phylactery,The Evil Eye,The Gravedigger",Yasir,95,31-41
Small Notebook,"Hero,Renegade Knight,Vile Grandmaster",Yasir,480,13-18
Small Treasure Chest,"Pirat Mate,Ratmiral Blackwhiskers,Tentugly's Head",Yasir,500,15-15
Small Tropical Fish,Two-Headed Turtle,Yasir,380,11-19
Spark Sphere,"Breach Brood,Burster,Eradicator,Melting Frozen Horror,The Scourge of Oblivion,The Souldespoiler",Yasir,350,90-96
Sparkion Claw,"Instable Sparkion,Sparkion",Yasir,290,54-96
Sparkion Legs,"Instable Sparkion,Sparkion",Yasir,310,65-81
Sparkion Stings,"Instable Sparkion,Sparkion",Yasir,280,54-79
Sparkion Tail,"Instable Sparkion,Sparkion",Yasir,300,51-64
Spellbook of Mind Control,"Blood Priest,Brachiodemon,Bulltaur Forgepriest,Carnivostrich,Choking Fear,Crypt Mage,Dawnfire Asura,Frost Flower Asura,Hellflayer,Infernalist,Lava Golem,Midnight Asura,Nighthunter,Quara Plunderer,Serpent Spawn,Soul-broken Harbinger,Spellreaper Inferniarch,True Dawnfire Asura,True Frost Flower Asura,True Midnight Asura,Ferumbras,Ferumbras Mortal Shell,Ghazbaran,Gorzindel,Hellgorak,Horadron,Raging Mage,Reflection of a Mage,Soul of Dragonking Zyrtarch,The Moonlight Aster,The Noxious Spawn,Wrathful Archivist,Yaga the Crone,Yirkas Blue Scales,Zarabustor",Outro,13000,20-20
Spellsinger's Seal,"Deepling Master Librarian,Deepling Spellsinger",Yasir,280,50-94
Spellweaver's Robe,"Brain Squid,Bulltaur Alchemist,Burning Gladiator,Draken Spellweaver,Energetic Book,Energuardian of Tales,Ghastly Dragon,Haunted Dragon,Juvenile Bashmu,Knowledge Elemental,Undead Dragon,Arbaziloth (Hard),Dragon Hoard,Ethershreck,Hatebreeder,Lady Tenebris,Lloyd,The Duke of the Depths,Utua Stone Sting,Wrathful Archivist,Yirkas Blue Scales,Zamulosh",Outro,12000,13-19
Sphinx Tiara,"Feral Sphinx,Sphinx",Yasir,360,35-47
Spiked Bracers,Norcferatu Nightweaver,Yasir,1360,25-50
Spiked Gorget,Norcferatu Heartless,Yasir,850,27-49
Spiked Iron Ball,"Eternal Guardian,Lizard Chosen,Lizard High Guard,The Voice of Ruin",Yasir,100,27-45
Spiky Club,"Corym Skirmisher,Corym Vanguard,Orger,Naga Warrior",Outro,300,14-17
Spitter Nose,"Spitter,Rotspit,The Hungerer",Yasir,340,52-98
Staff Piece,Bulltaur Forgepriest,Yasir,560,39-48
Stag Parchment,"Raubritter Chastener,Raubritter Marksman,Adlerauge,Clavius,Overseer Osverger",Outro,3000,36-50
Stalking Seeds,Stalking Stalk,Outro,1800,102-191
Stampor Talons,"Stampor,Tromphonyte",Outro,150,42-50
Star Ink,"Bluebeak,Ink Splash",Yasir,1250,30-48
Stone Wing,Gargoyle,Yasir,120,62-96
Stonerefiner's Skull,Stonerefiner,Yasir,100,101-196
Strange Helmet,"Albino Dragon,Dragon Lord,Frost Dragon,Ice Golem,Icecold Book,Lavaworm,Lich,Quara Mantassin,Renegade Quara Mantassin,Serpent Spawn,Vampire,Walking Pillar,Adlerauge,Arbaziloth,Arbaziloth (Hard),Blight Mariner,Clavius,Demodras,Dragon Hoard,Gravelord Oshuran,Hirintror,Michael the Stalwart,Ushuriel",Djinn,500,11-12
Strange Substance,Bulltaur Alchemist,Yasir,810,67-100
Streaked Devourer Eyes,Streaked Devourer,Yasir,500,52-99
Streaked Devourer Legs,Streaked Devourer,Yasir,600,26-38
Streaked Devourer Maw,Streaked Devourer,Yasir,400,103-175
Striped Fur,"Mutated Tiger,Tiger,White Tiger",Yasir,50,125-193
Sulphider Shell,Sulphider,Outro,2200,101-195
Sulphur Powder,"Sulphider,Sulphur Spouter",Yasir,1900,265-480
Sulphurous Stone,"Brimstone Bug,Museum Stone Golem,Orewalker,Stone Golem,Wandering Pillar,Grorlam,Sulphur Scuttler",Outro,100,53-96
Swampling Club,"Leaf Golem,Minotaur Occultist,Swampling,Wilting Leaf Golem",Outro,40,30-46
Swarmer Antenna,Swarmer,Yasir,130,50-60
Tail of Corruption,Draken Abomination,Yasir,240,46-49
Taurus Mace,"Minotaur Cult Zealot,Minotaur Mage,Worm Priestess",Rashid,500,10-19
Telescope Eye,Cloak of Terror,Yasir,1600,13-19
Terra Boots,"Armadile,Choking Fear,Cobra Vizier,Cursed Book,Dwarf Geomancer,Enfeebled Silencer,Exotic Cave Spider,Foam Stalker,Ghastly Dragon,Glooth Bandit,Glooth Brigand,Hideous Fungus,Hulking Carnisylvan,Humongous Fungus,Ink Blob,Ink Splash,Lost Basher,Lost Berserker,Lost Exile,Lost Husher,Mercurial Menace,Ogre Sage,Omnivora,Oozing Corpus,Pirat Bombardier,Shrieking Cry-Stal,Silencer,Thanatursus,Undertaker,Venerable Foam Stalker,White Lion,Blight Mariner,Deathbine,Neferi the Spy,Ravenous Hunger,Sister Hetai,Terofar",Rashid,2500,127-166
Terra Hood,"Adult Goanna,Ancient Scarab,Bramble Wyrmling,Cobra Vizier,Cursed Book,Draken Abomination,Earworm,Glooth Bandit,Glooth Brigand,Hulking Carnisylvan,Ink Blob,Ink Splash,Lamassu,Rootthing Nutshell,Sun-marked Goanna,Thanatursus,Usurper Warlock,Young Goanna,Ancient Spawn of Morgathla,Arthom the Hunter,Clavius,Drume,Duke Krule,Guard Captain Quaid,Hide,Kusuma,Megasylvan Yselda,Neferi the Spy,Scarlett Etzel,Sister Hetai,The Unarmored Voidborn",Rashid,2500,138-190
Terra Mantle,"Askarak Lord,Askarak Prince,Banshee,Blightwalker,Bramble Wyrmling,Choking Fear,Cursed Book,Exotic Cave Spider,Feral Werecrocodile,Glooth Bandit,Glooth Brigand,Hideous Fungus,Humongous Fungus,Ink Blob,Ink Splash,Medusa,Raubritter Marksman,Rotten Golem,Spiky Carnivor,Adlerauge,Ancient Spawn of Morgathla,Ayana The Crimson Curse,Drume,Earth Overlord,Esmeralda,Fleshcrawler,Gorga,Gorgo,King Zelos,Megasylvan Yselda,Plagirath,Ravenous Hunger,Scarlett Etzel,The Duke of the Depths,The Evil Eye,The Lord of the Lice",Rashid,11000,12-15
Terramite Legs,Terramite,Yasir,60,70-98
Thorn,Thornback Tortoise,Yasir,100,113-183
Titan Axe,"Afflicted Strider,Armadile,Behemoth,Enslaved Dwarf,Execowtioner,Falcon Knight,Headpecker,Hellflayer,Infernal Phantom,Juggernaut,Lion Hydra,Lost Soul,Medusa,Minotaur Invader,Orewalker,Rhindeer,Rotten Golem,Silencer,Spidris,Spidris Elite,Thanatursus,Werelion,Fleshslicer,Gorga,Gorgo,Grand Chaplain Gaunder,Preceptor Lazare",Djinn,4000,11-45
Toe Nails,"Crypt Construct,Crypt Mage,Haunted Hunter,Roaming Dread,Walking Dread",Outro,4500,29-48
Tooth File,"Nightfiend,Vampire Viscount,Vicious Manbat",Yasir,60,13-20
Torn Page,"Crusader,Headwalker",Yasir,340,51-96
Trapped Bad Dream Monster,"Feversleep,Shiversleep,Terrorsleep,The Enraged Thorn Knight",Yasir,900,105-184
Tunnel Tyrant Head,Tunnel Tyrant,Yasir,500,109-198
Tunnel Tyrant Shell,Tunnel Tyrant,Yasir,700,113-197
Two-Headed Turtle Heads,Two-Headed Turtle,Yasir,460,28-40
Undertaker Fangs,Undertaker,Outro,2700,106-158
Unholy Bone,"Betrayed Wraith,Crypt Warrior,Gravedigger,Haunted Dragon,Lost Soul,Skeleton Elite Warrior,Undead Dragon,Zanakeph,Zorvorax",Yasir,480,307-434
Vampire's Cape Chain,"Vampire Viscount,The Pale Count",Yasir,150,31-48
Vein of Ore,"Cliff Strider,Drillworm,Orewalker",Outro,330,257-458
Venison,"Elder Forest Fury,Forest Fury",Yasir,55,60-92
Vile Axe,"Dark Torturer,Grimeleech,Eradicator,Ferumbras,Ferumbras Mortal Shell,Hellgorak,Horadron,Mazzinor,Realityquake",Rashid,30000,7-10
Volatile Proto Matter,"Breach Brood,Burster",Yasir,300,76-99
War Axe,"Behemoth,Eyeless Devourer,Falcon Knight,Glooth Bandit,Hulking Prehemoth,Infernal Demon,Infernal Phantom,Juggernaut,Lost Basher,Nightmare,Norcferatu Heartless,Priestess of the Wild Sun,Rotten Golem,Stone Devourer,Streaked Devourer,Undead Dragon,Katex Blood Tongue,Outburst,Preceptor Lazare,Srezz Yellow Eyes,Stonecracker,The False God,Tormentor,Yirkas Blue Scales",Rashid,12000,14-19
Wardragon Claw,Wardragon,Yasir,550,51-56
Wardragon Tooth,Wardragon,Yasir,730,52-87
Waspoid Claw,"Waspoid,Chopper",Yasir,320,32-49
Weaver's Wandtip,Draken Spellweaver,Yasir,250,58-84
Werebadger Claws,"Werebadger,Sharpclaw",Yasir,160,146-187
Werebadger Skull,"Sharpclaw, Werebadger.",Outro,185,167-172
Werebear Fur,"Werebear,Shadowpelt",Yasir,185,125-173
Werebear Skull,"Werebear,Shadowpelt",Yasir,195,123-186
Wereboar Loincloth,"Wereboar,Bloodback,Feroxa,Owin",Outro,1500,16-18
Wereboar Tusks,"Wereboar,Bloodback,Owin",Outro,165,129-162
Werecrocodile Tongue,"Ayana The Crimson Curse,Feral Werecrocodile,Werecrocodile",Yasir,570,121-165
Werefox Tail,"Werefox,Black Vixen",Yasir,200,103-199
Werehyaena Nose,"Werehyaena,Werehyaena Shaman,Katex Blood Tongue",Yasir,220,70-91
Werehyaena Talisman,"Werehyaena,Werehyaena Shaman,Katex Blood Tongue",Yasir,350,10-18
Werepanther Claw,"Cunning Werepanther,Werepanther",Yasir,280,66-99
Weretiger Tooth,"Weretiger,White Weretiger,Tamru The Black",Yasir,490,135-190
Werewolf Fur,"Werewolf,Darkfang,Hemming",Yasir,380,51-92
Widow's Mandibles,Wailing Widow,Yasir,110,76-96
Wild Flowers,"Angry Sugar Fairy,Nymph,Pixie,Swan Maiden",Yasir,120,65-100
Wimp Tooth Chain,"Lost Basher,Lost Exile,Lost Husher",Yasir,120,83-92
Winged Tail,"Serpent Spawn,Srezz Yellow Eyes,The Noxious Spawn",Yasir,800,11-20
Witch Broom,"Witch,Ekatrix",Yasir,60,66-98
Wood Cape,"Adult Goanna,Arctic Faun,Capricious Phantom,Crazed Summer Rearguard,Dark Faun,Faun,Monk's Apparition,Paladin's Apparition,Pirat Bombardier,Rootthing Bug Tracker,Rotten Golem,Rotten Man-Maggot,Soul-broken Harbinger,Turbulent Elemental,Usurper Archer,Varnished Diremaw,Venerable Girtablilu,Guard Captain Quaid,Ravenous Hunger,Raxias",Outro,5000,11-15
Wooden Spellbook,"Arctic Faun,Boogy,Dark Faun,Faun,Mitmah Seer,Noxious Ripptor,Pixie,Raubritter Chastener,Rootthing Amber Shaper,Sineater Inferniarch,Young Goanna,Clavius,Court Warlock,Ravenous Hunger",Outro,12000,16-20
Worm Sponge,"Meandering Mushroom,Oozing Corpus",Yasir,4200,11-20
Yapunac Dagger,"Atab,Iks Yapunac",Yasir,240,56-90
Zaoan Armor,"Darklight Emitter,Draken Abomination,Draken Elite,Draken Warmaster,Ghastly Dragon,Lizard Chosen,Lizard High Guard,Lizard Legionnaire,Lizard Zaogun,Battlemaster Zunzu,Ethershreck,Fazzrah,Lizard Gate Guardian,Paiz the Pauperizer",Outro,14000,11-20
Zaoan Robe,"Draken Spellweaver,Lizard Dragon Priest,Flamecaller Zazrak",Outro,1200,15-15
Zaoan Shoes,"Darklight Construct,Draken Spellweaver,Draken Warmaster,Ghastly Dragon,Lizard Chosen,Lizard Dragon Priest,Lizard High Guard,Lizard Legionnaire,Lizard Zaogun,Battlemaster Zunzu,Ethershreck,Fazzrah,Flamecaller Zazrak,Hatebreeder,Lizard Gate Guardian,The Voice of Ruin",Outro,5000,11-20
Zaogun Flag,"Lizard Zaogun,Battlemaster Zunzu,Fazzrah",Yasir,600,18-32
Zaogun Shoulderplates,"Lizard Zaogun,Battlemaster Zunzu,Fazzrah",Yasir,150,60-96
