creature,n_sessions,value_per_kill,min_v,max_v,sample_urls
Quara Raider,202,148,101,1978,https://www.hunt-analyser.com/hunt_sessions/55738|https://www.hunt-analyser.com/hunt_sessions/55738|https://www.hunt-analyser.com/hunt_sessions/55738|https://www.hunt-analyser.com/hunt_sessions/55738|https://www.hunt-analyser.com/hunt_sessions/55738
Quara Looter,202,148,101,1978,https://www.hunt-analyser.com/hunt_sessions/55738|https://www.hunt-analyser.com/hunt_sessions/55738|https://www.hunt-analyser.com/hunt_sessions/55738|https://www.hunt-analyser.com/hunt_sessions/55738|https://www.hunt-analyser.com/hunt_sessions/55738
Quara Plunderer,202,148,101,1978,https://www.hunt-analyser.com/hunt_sessions/55738|https://www.hunt-analyser.com/hunt_sessions/55738|https://www.hunt-analyser.com/hunt_sessions/55738|https://www.hunt-analyser.com/hunt_sessions/55738|https://www.hunt-analyser.com/hunt_sessions/55738
True Midnight Asura,138,212,106,259,https://www.hunt-analyser.com/hunt_sessions/49267|https://www.hunt-analyser.com/hunt_sessions/49267|https://www.hunt-analyser.com/hunt_sessions/49267|https://www.hunt-analyser.com/hunt_sessions/49267|https://www.hunt-analyser.com/hunt_sessions/49267
True Frost Flower Asura,138,210,106,259,https://www.hunt-analyser.com/hunt_sessions/49267|https://www.hunt-analyser.com/hunt_sessions/49267|https://www.hunt-analyser.com/hunt_sessions/49267|https://www.hunt-analyser.com/hunt_sessions/49267|https://www.hunt-analyser.com/hunt_sessions/49267
Hellhound,130,212,81,220,https://www.hunt-analyser.com/hunt_sessions/49267|https://www.hunt-analyser.com/hunt_sessions/49267|https://www.hunt-analyser.com/hunt_sessions/49267|https://www.hunt-analyser.com/hunt_sessions/49267|https://www.hunt-analyser.com/hunt_sessions/49267
Silencer,126,114,111,199,https://www.hunt-analyser.com/hunt_sessions/48935|https://www.hunt-analyser.com/hunt_sessions/48935|https://www.hunt-analyser.com/hunt_sessions/48935|https://www.hunt-analyser.com/hunt_sessions/48935|https://www.hunt-analyser.com/hunt_sessions/48935
Rot Elemental,122,5,5,123,https://www.hunt-analyser.com/hunt_sessions/50905|https://www.hunt-analyser.com/hunt_sessions/50905|https://www.hunt-analyser.com/hunt_sessions/50905|https://www.hunt-analyser.com/hunt_sessions/50905|https://www.hunt-analyser.com/hunt_sessions/50905
Devourer,122,5,5,123,https://www.hunt-analyser.com/hunt_sessions/50905|https://www.hunt-analyser.com/hunt_sessions/50905|https://www.hunt-analyser.com/hunt_sessions/50905|https://www.hunt-analyser.com/hunt_sessions/50905|https://www.hunt-analyser.com/hunt_sessions/50905
True Dawnfire Asura,117,215,67,220,https://www.hunt-analyser.com/hunt_sessions/49267|https://www.hunt-analyser.com/hunt_sessions/49267|https://www.hunt-analyser.com/hunt_sessions/49267|https://www.hunt-analyser.com/hunt_sessions/49267|https://www.hunt-analyser.com/hunt_sessions/49267
Frazzlemaw,117,114,111,199,https://www.hunt-analyser.com/hunt_sessions/48935|https://www.hunt-analyser.com/hunt_sessions/48935|https://www.hunt-analyser.com/hunt_sessions/48935|https://www.hunt-analyser.com/hunt_sessions/48935|https://www.hunt-analyser.com/hunt_sessions/48935
Burster Spectre,112,66,7,105,https://www.hunt-analyser.com/hunt_sessions/50607|https://www.hunt-analyser.com/hunt_sessions/50607|https://www.hunt-analyser.com/hunt_sessions/50607|https://www.hunt-analyser.com/hunt_sessions/50607|https://www.hunt-analyser.com/hunt_sessions/50607
Blood Beast,109,5,5,30,https://www.hunt-analyser.com/hunt_sessions/50905|https://www.hunt-analyser.com/hunt_sessions/50905|https://www.hunt-analyser.com/hunt_sessions/50905|https://www.hunt-analyser.com/hunt_sessions/50905|https://www.hunt-analyser.com/hunt_sessions/50905
Gazer Spectre,100,89,69,651,https://www.hunt-analyser.com/hunt_sessions/49116|https://www.hunt-analyser.com/hunt_sessions/49116|https://www.hunt-analyser.com/hunt_sessions/49116|https://www.hunt-analyser.com/hunt_sessions/49116|https://www.hunt-analyser.com/hunt_sessions/49116
Ripper Spectre,98,91,76,124,https://www.hunt-analyser.com/hunt_sessions/51574|https://www.hunt-analyser.com/hunt_sessions/51574|https://www.hunt-analyser.com/hunt_sessions/51574|https://www.hunt-analyser.com/hunt_sessions/51574|https://www.hunt-analyser.com/hunt_sessions/51574
Arachnophobica,98,93,76,124,https://www.hunt-analyser.com/hunt_sessions/51574|https://www.hunt-analyser.com/hunt_sessions/51574|https://www.hunt-analyser.com/hunt_sessions/51574|https://www.hunt-analyser.com/hunt_sessions/51574|https://www.hunt-analyser.com/hunt_sessions/51574
Glooth Blob,95,5,5,123,https://www.hunt-analyser.com/hunt_sessions/50905|https://www.hunt-analyser.com/hunt_sessions/50905|https://www.hunt-analyser.com/hunt_sessions/50905|https://www.hunt-analyser.com/hunt_sessions/50905|https://www.hunt-analyser.com/hunt_sessions/50905
Nomad,91,215,60,279,https://www.hunt-analyser.com/hunt_sessions/49267|https://www.hunt-analyser.com/hunt_sessions/49267|https://www.hunt-analyser.com/hunt_sessions/49267|https://www.hunt-analyser.com/hunt_sessions/49267|https://www.hunt-analyser.com/hunt_sessions/49267
Retching Horror,87,118,111,199,https://www.hunt-analyser.com/hunt_sessions/52190|https://www.hunt-analyser.com/hunt_sessions/52190|https://www.hunt-analyser.com/hunt_sessions/52190|https://www.hunt-analyser.com/hunt_sessions/52190|https://www.hunt-analyser.com/hunt_sessions/52190
Werelioness,83,47,40,279,https://www.hunt-analyser.com/hunt_sessions/49850|https://www.hunt-analyser.com/hunt_sessions/49850|https://www.hunt-analyser.com/hunt_sessions/49850|https://www.hunt-analyser.com/hunt_sessions/49850|https://www.hunt-analyser.com/hunt_sessions/49850
Werelion,83,47,40,279,https://www.hunt-analyser.com/hunt_sessions/49850|https://www.hunt-analyser.com/hunt_sessions/49850|https://www.hunt-analyser.com/hunt_sessions/49850|https://www.hunt-analyser.com/hunt_sessions/49850|https://www.hunt-analyser.com/hunt_sessions/49850
White Lion,83,47,40,279,https://www.hunt-analyser.com/hunt_sessions/49850|https://www.hunt-analyser.com/hunt_sessions/49850|https://www.hunt-analyser.com/hunt_sessions/49850|https://www.hunt-analyser.com/hunt_sessions/49850|https://www.hunt-analyser.com/hunt_sessions/49850
Hellspawn,80,48,30,215,https://www.hunt-analyser.com/hunt_sessions/52736|https://www.hunt-analyser.com/hunt_sessions/52736|https://www.hunt-analyser.com/hunt_sessions/52736|https://www.hunt-analyser.com/hunt_sessions/52736|https://www.hunt-analyser.com/hunt_sessions/52736
Demon,78,138,81,226,https://www.hunt-analyser.com/hunt_sessions/48650|https://www.hunt-analyser.com/hunt_sessions/48650|https://www.hunt-analyser.com/hunt_sessions/48650|https://www.hunt-analyser.com/hunt_sessions/48650|https://www.hunt-analyser.com/hunt_sessions/48650
Choking Fear,74,118,113,199,https://www.hunt-analyser.com/hunt_sessions/52190|https://www.hunt-analyser.com/hunt_sessions/52190|https://www.hunt-analyser.com/hunt_sessions/52190|https://www.hunt-analyser.com/hunt_sessions/52190|https://www.hunt-analyser.com/hunt_sessions/52190
Thanatursus,72,89,69,651,https://www.hunt-analyser.com/hunt_sessions/49116|https://www.hunt-analyser.com/hunt_sessions/49116|https://www.hunt-analyser.com/hunt_sessions/49116|https://www.hunt-analyser.com/hunt_sessions/49116|https://www.hunt-analyser.com/hunt_sessions/49116
Grim Reaper,69,43,37,123,https://www.hunt-analyser.com/hunt_sessions/50364|https://www.hunt-analyser.com/hunt_sessions/50364|https://www.hunt-analyser.com/hunt_sessions/50364|https://www.hunt-analyser.com/hunt_sessions/50364|https://www.hunt-analyser.com/hunt_sessions/50364
Vampire,56,11,5,11,https://www.hunt-analyser.com/hunt_sessions/52560|https://www.hunt-analyser.com/hunt_sessions/52560|https://www.hunt-analyser.com/hunt_sessions/52560|https://www.hunt-analyser.com/hunt_sessions/52560|https://www.hunt-analyser.com/hunt_sessions/52560
Vampire Bride,56,11,5,11,https://www.hunt-analyser.com/hunt_sessions/52560|https://www.hunt-analyser.com/hunt_sessions/52560|https://www.hunt-analyser.com/hunt_sessions/52560|https://www.hunt-analyser.com/hunt_sessions/52560|https://www.hunt-analyser.com/hunt_sessions/52560
Vampire Viscount,56,11,5,11,https://www.hunt-analyser.com/hunt_sessions/52560|https://www.hunt-analyser.com/hunt_sessions/52560|https://www.hunt-analyser.com/hunt_sessions/52560|https://www.hunt-analyser.com/hunt_sessions/52560|https://www.hunt-analyser.com/hunt_sessions/52560
Werehyaena,56,44,23,47,https://www.hunt-analyser.com/hunt_sessions/50582|https://www.hunt-analyser.com/hunt_sessions/50582|https://www.hunt-analyser.com/hunt_sessions/50582|https://www.hunt-analyser.com/hunt_sessions/50582|https://www.hunt-analyser.com/hunt_sessions/50582
Werehyaena Shaman,56,44,23,47,https://www.hunt-analyser.com/hunt_sessions/50582|https://www.hunt-analyser.com/hunt_sessions/50582|https://www.hunt-analyser.com/hunt_sessions/50582|https://www.hunt-analyser.com/hunt_sessions/50582|https://www.hunt-analyser.com/hunt_sessions/50582
Bonebeast,55,5,5,279,https://www.hunt-analyser.com/hunt_sessions/52560|https://www.hunt-analyser.com/hunt_sessions/52560|https://www.hunt-analyser.com/hunt_sessions/52560|https://www.hunt-analyser.com/hunt_sessions/52560|https://www.hunt-analyser.com/hunt_sessions/52560
Tarantula,55,12,8,93,https://www.hunt-analyser.com/hunt_sessions/52572|https://www.hunt-analyser.com/hunt_sessions/52572|https://www.hunt-analyser.com/hunt_sessions/52572|https://www.hunt-analyser.com/hunt_sessions/52572|https://www.hunt-analyser.com/hunt_sessions/52572
Quara Pincher Scout,55,6,6,30,https://www.hunt-analyser.com/hunt_sessions/52823|https://www.hunt-analyser.com/hunt_sessions/52823|https://www.hunt-analyser.com/hunt_sessions/52823|https://www.hunt-analyser.com/hunt_sessions/52823|https://www.hunt-analyser.com/hunt_sessions/52823
Quara Predator Scout,55,6,6,30,https://www.hunt-analyser.com/hunt_sessions/52823|https://www.hunt-analyser.com/hunt_sessions/52823|https://www.hunt-analyser.com/hunt_sessions/52823|https://www.hunt-analyser.com/hunt_sessions/52823|https://www.hunt-analyser.com/hunt_sessions/52823
Quara Constrictor Scout,55,6,6,30,https://www.hunt-analyser.com/hunt_sessions/52823|https://www.hunt-analyser.com/hunt_sessions/52823|https://www.hunt-analyser.com/hunt_sessions/52823|https://www.hunt-analyser.com/hunt_sessions/52823|https://www.hunt-analyser.com/hunt_sessions/52823
Quara Hydromancer Scout,55,6,6,30,https://www.hunt-analyser.com/hunt_sessions/52823|https://www.hunt-analyser.com/hunt_sessions/52823|https://www.hunt-analyser.com/hunt_sessions/52823|https://www.hunt-analyser.com/hunt_sessions/52823|https://www.hunt-analyser.com/hunt_sessions/52823
Behemoth,55,39,34,72,https://www.hunt-analyser.com/hunt_sessions/51253|https://www.hunt-analyser.com/hunt_sessions/51253|https://www.hunt-analyser.com/hunt_sessions/51253|https://www.hunt-analyser.com/hunt_sessions/51253|https://www.hunt-analyser.com/hunt_sessions/51253
Demon Skeleton,54,81,5,95,https://www.hunt-analyser.com/hunt_sessions/52560|https://www.hunt-analyser.com/hunt_sessions/52560|https://www.hunt-analyser.com/hunt_sessions/52560|https://www.hunt-analyser.com/hunt_sessions/52560|https://www.hunt-analyser.com/hunt_sessions/52560
Dragon Lord,54,47,34,95,https://www.hunt-analyser.com/hunt_sessions/51253|https://www.hunt-analyser.com/hunt_sessions/51253|https://www.hunt-analyser.com/hunt_sessions/51253|https://www.hunt-analyser.com/hunt_sessions/51253|https://www.hunt-analyser.com/hunt_sessions/51253
Quara Mantassin Scout,42,6,6,6,https://www.hunt-analyser.com/hunt_sessions/52773|https://www.hunt-analyser.com/hunt_sessions/52773|https://www.hunt-analyser.com/hunt_sessions/52773|https://www.hunt-analyser.com/hunt_sessions/52773|https://www.hunt-analyser.com/hunt_sessions/52773
Nightmare Scion,42,11,11,39,https://www.hunt-analyser.com/hunt_sessions/53124|https://www.hunt-analyser.com/hunt_sessions/53124|https://www.hunt-analyser.com/hunt_sessions/53124|https://www.hunt-analyser.com/hunt_sessions/53124|https://www.hunt-analyser.com/hunt_sessions/53124
Vicious Squire,42,14,2,14,https://www.hunt-analyser.com/hunt_sessions/51512|https://www.hunt-analyser.com/hunt_sessions/51512|https://www.hunt-analyser.com/hunt_sessions/51512|https://www.hunt-analyser.com/hunt_sessions/51512|https://www.hunt-analyser.com/hunt_sessions/51512
Renegade Knight,42,2,2,14,https://www.hunt-analyser.com/hunt_sessions/51512|https://www.hunt-analyser.com/hunt_sessions/51512|https://www.hunt-analyser.com/hunt_sessions/51512|https://www.hunt-analyser.com/hunt_sessions/51512|https://www.hunt-analyser.com/hunt_sessions/51512
Vile Grandmaster,42,2,2,14,https://www.hunt-analyser.com/hunt_sessions/51512|https://www.hunt-analyser.com/hunt_sessions/51512|https://www.hunt-analyser.com/hunt_sessions/51512|https://www.hunt-analyser.com/hunt_sessions/51512|https://www.hunt-analyser.com/hunt_sessions/51512
Wyvern,42,14,11,14,https://www.hunt-analyser.com/hunt_sessions/51512|https://www.hunt-analyser.com/hunt_sessions/51512|https://www.hunt-analyser.com/hunt_sessions/51512|https://www.hunt-analyser.com/hunt_sessions/51512|https://www.hunt-analyser.com/hunt_sessions/51512
Snake,42,11,11,19,https://www.hunt-analyser.com/hunt_sessions/52059|https://www.hunt-analyser.com/hunt_sessions/52059|https://www.hunt-analyser.com/hunt_sessions/52059|https://www.hunt-analyser.com/hunt_sessions/52059|https://www.hunt-analyser.com/hunt_sessions/52059
Cunning Werepanther,42,95,84,99,https://www.hunt-analyser.com/hunt_sessions/48495|https://www.hunt-analyser.com/hunt_sessions/48495|https://www.hunt-analyser.com/hunt_sessions/48495|https://www.hunt-analyser.com/hunt_sessions/48495|https://www.hunt-analyser.com/hunt_sessions/48495
Weretiger,42,95,84,99,https://www.hunt-analyser.com/hunt_sessions/48495|https://www.hunt-analyser.com/hunt_sessions/48495|https://www.hunt-analyser.com/hunt_sessions/48495|https://www.hunt-analyser.com/hunt_sessions/48495|https://www.hunt-analyser.com/hunt_sessions/48495
White Weretiger,42,95,84,99,https://www.hunt-analyser.com/hunt_sessions/48495|https://www.hunt-analyser.com/hunt_sessions/48495|https://www.hunt-analyser.com/hunt_sessions/48495|https://www.hunt-analyser.com/hunt_sessions/48495|https://www.hunt-analyser.com/hunt_sessions/48495
Wolf,41,279,11,279,https://www.hunt-analyser.com/hunt_sessions/52059|https://www.hunt-analyser.com/hunt_sessions/52059|https://www.hunt-analyser.com/hunt_sessions/52059|https://www.hunt-analyser.com/hunt_sessions/52059|https://www.hunt-analyser.com/hunt_sessions/52059
Serpent Spawn,40,72,52,279,https://www.hunt-analyser.com/hunt_sessions/51555|https://www.hunt-analyser.com/hunt_sessions/51555|https://www.hunt-analyser.com/hunt_sessions/51555|https://www.hunt-analyser.com/hunt_sessions/51555|https://www.hunt-analyser.com/hunt_sessions/51555
Medusa,40,72,52,279,https://www.hunt-analyser.com/hunt_sessions/51555|https://www.hunt-analyser.com/hunt_sessions/51555|https://www.hunt-analyser.com/hunt_sessions/51555|https://www.hunt-analyser.com/hunt_sessions/51555|https://www.hunt-analyser.com/hunt_sessions/51555
Dawnfire Asura,39,65,60,67,https://www.hunt-analyser.com/hunt_sessions/50699|https://www.hunt-analyser.com/hunt_sessions/50699|https://www.hunt-analyser.com/hunt_sessions/50699|https://www.hunt-analyser.com/hunt_sessions/50699|https://www.hunt-analyser.com/hunt_sessions/50699
Midnight Asura,39,65,60,67,https://www.hunt-analyser.com/hunt_sessions/50699|https://www.hunt-analyser.com/hunt_sessions/50699|https://www.hunt-analyser.com/hunt_sessions/50699|https://www.hunt-analyser.com/hunt_sessions/50699|https://www.hunt-analyser.com/hunt_sessions/50699
Frost Flower Asura,39,65,60,67,https://www.hunt-analyser.com/hunt_sessions/50699|https://www.hunt-analyser.com/hunt_sessions/50699|https://www.hunt-analyser.com/hunt_sessions/50699|https://www.hunt-analyser.com/hunt_sessions/50699|https://www.hunt-analyser.com/hunt_sessions/50699
Guzzlemaw,39,112,111,114,https://www.hunt-analyser.com/hunt_sessions/48935|https://www.hunt-analyser.com/hunt_sessions/48935|https://www.hunt-analyser.com/hunt_sessions/48935|https://www.hunt-analyser.com/hunt_sessions/48935|https://www.hunt-analyser.com/hunt_sessions/48935
Silverfrost Sentinel,34,173,122,259,https://www.hunt-analyser.com/hunt_sessions/56613|https://www.hunt-analyser.com/hunt_sessions/56613|https://www.hunt-analyser.com/hunt_sessions/56613|https://www.hunt-analyser.com/hunt_sessions/56613|https://www.hunt-analyser.com/hunt_sessions/56613
Iceplume Strider,34,173,122,259,https://www.hunt-analyser.com/hunt_sessions/56613|https://www.hunt-analyser.com/hunt_sessions/56613|https://www.hunt-analyser.com/hunt_sessions/56613|https://www.hunt-analyser.com/hunt_sessions/56613|https://www.hunt-analyser.com/hunt_sessions/56613
Crypt Warrior,28,52,46,52,https://www.hunt-analyser.com/hunt_sessions/52279|https://www.hunt-analyser.com/hunt_sessions/52279|https://www.hunt-analyser.com/hunt_sessions/52279|https://www.hunt-analyser.com/hunt_sessions/52279|https://www.hunt-analyser.com/hunt_sessions/52279
Necromancer,28,5,5,5,https://www.hunt-analyser.com/hunt_sessions/52560|https://www.hunt-analyser.com/hunt_sessions/52560|https://www.hunt-analyser.com/hunt_sessions/52560|https://www.hunt-analyser.com/hunt_sessions/52560|https://www.hunt-analyser.com/hunt_sessions/52560
Giant Spider,28,8,8,12,https://www.hunt-analyser.com/hunt_sessions/52572|https://www.hunt-analyser.com/hunt_sessions/52572|https://www.hunt-analyser.com/hunt_sessions/52572|https://www.hunt-analyser.com/hunt_sessions/52572|https://www.hunt-analyser.com/hunt_sessions/52572
Quara Mantassin,28,6,6,6,https://www.hunt-analyser.com/hunt_sessions/52823|https://www.hunt-analyser.com/hunt_sessions/52823|https://www.hunt-analyser.com/hunt_sessions/52823|https://www.hunt-analyser.com/hunt_sessions/52823|https://www.hunt-analyser.com/hunt_sessions/52823
Quara Constrictor,28,6,6,6,https://www.hunt-analyser.com/hunt_sessions/52823|https://www.hunt-analyser.com/hunt_sessions/52823|https://www.hunt-analyser.com/hunt_sessions/52823|https://www.hunt-analyser.com/hunt_sessions/52823|https://www.hunt-analyser.com/hunt_sessions/52823
Quara Hydromancer,28,6,6,6,https://www.hunt-analyser.com/hunt_sessions/52823|https://www.hunt-analyser.com/hunt_sessions/52823|https://www.hunt-analyser.com/hunt_sessions/52823|https://www.hunt-analyser.com/hunt_sessions/52823|https://www.hunt-analyser.com/hunt_sessions/52823
Quara Pincher,28,6,6,6,https://www.hunt-analyser.com/hunt_sessions/52823|https://www.hunt-analyser.com/hunt_sessions/52823|https://www.hunt-analyser.com/hunt_sessions/52823|https://www.hunt-analyser.com/hunt_sessions/52823|https://www.hunt-analyser.com/hunt_sessions/52823
Quara Predator,28,6,6,6,https://www.hunt-analyser.com/hunt_sessions/52823|https://www.hunt-analyser.com/hunt_sessions/52823|https://www.hunt-analyser.com/hunt_sessions/52823|https://www.hunt-analyser.com/hunt_sessions/52823|https://www.hunt-analyser.com/hunt_sessions/52823
Nightmare,28,11,11,39,https://www.hunt-analyser.com/hunt_sessions/53124|https://www.hunt-analyser.com/hunt_sessions/53124|https://www.hunt-analyser.com/hunt_sessions/53124|https://www.hunt-analyser.com/hunt_sessions/53124|https://www.hunt-analyser.com/hunt_sessions/53124
Wisp,28,11,11,11,https://www.hunt-analyser.com/hunt_sessions/52059|https://www.hunt-analyser.com/hunt_sessions/52059|https://www.hunt-analyser.com/hunt_sessions/52059|https://www.hunt-analyser.com/hunt_sessions/52059|https://www.hunt-analyser.com/hunt_sessions/52059
Rabbit,28,11,11,11,https://www.hunt-analyser.com/hunt_sessions/52059|https://www.hunt-analyser.com/hunt_sessions/52059|https://www.hunt-analyser.com/hunt_sessions/52059|https://www.hunt-analyser.com/hunt_sessions/52059|https://www.hunt-analyser.com/hunt_sessions/52059
Deer,28,11,11,11,https://www.hunt-analyser.com/hunt_sessions/52059|https://www.hunt-analyser.com/hunt_sessions/52059|https://www.hunt-analyser.com/hunt_sessions/52059|https://www.hunt-analyser.com/hunt_sessions/52059|https://www.hunt-analyser.com/hunt_sessions/52059
Cult Believer,28,2,2,2,https://www.hunt-analyser.com/hunt_sessions/53070|https://www.hunt-analyser.com/hunt_sessions/53070|https://www.hunt-analyser.com/hunt_sessions/53070|https://www.hunt-analyser.com/hunt_sessions/53070|https://www.hunt-analyser.com/hunt_sessions/53070
Cult Enforcer,28,2,2,2,https://www.hunt-analyser.com/hunt_sessions/53070|https://www.hunt-analyser.com/hunt_sessions/53070|https://www.hunt-analyser.com/hunt_sessions/53070|https://www.hunt-analyser.com/hunt_sessions/53070|https://www.hunt-analyser.com/hunt_sessions/53070
Cinder Wyrmling,28,71,67,71,https://www.hunt-analyser.com/hunt_sessions/48842|https://www.hunt-analyser.com/hunt_sessions/48842|https://www.hunt-analyser.com/hunt_sessions/48842|https://www.hunt-analyser.com/hunt_sessions/48842|https://www.hunt-analyser.com/hunt_sessions/48842
Shell Drake,28,67,67,71,https://www.hunt-analyser.com/hunt_sessions/48842|https://www.hunt-analyser.com/hunt_sessions/48842|https://www.hunt-analyser.com/hunt_sessions/48842|https://www.hunt-analyser.com/hunt_sessions/48842|https://www.hunt-analyser.com/hunt_sessions/48842
Werefox,28,39,38,39,https://www.hunt-analyser.com/hunt_sessions/50358|https://www.hunt-analyser.com/hunt_sessions/50358|https://www.hunt-analyser.com/hunt_sessions/50358|https://www.hunt-analyser.com/hunt_sessions/50358|https://www.hunt-analyser.com/hunt_sessions/50358
Werebear,28,38,38,39,https://www.hunt-analyser.com/hunt_sessions/50358|https://www.hunt-analyser.com/hunt_sessions/50358|https://www.hunt-analyser.com/hunt_sessions/50358|https://www.hunt-analyser.com/hunt_sessions/50358|https://www.hunt-analyser.com/hunt_sessions/50358
Werebadger,28,39,38,39,https://www.hunt-analyser.com/hunt_sessions/50358|https://www.hunt-analyser.com/hunt_sessions/50358|https://www.hunt-analyser.com/hunt_sessions/50358|https://www.hunt-analyser.com/hunt_sessions/50358|https://www.hunt-analyser.com/hunt_sessions/50358
Wereboar,28,39,38,39,https://www.hunt-analyser.com/hunt_sessions/50358|https://www.hunt-analyser.com/hunt_sessions/50358|https://www.hunt-analyser.com/hunt_sessions/50358|https://www.hunt-analyser.com/hunt_sessions/50358|https://www.hunt-analyser.com/hunt_sessions/50358
Vulcongra,28,47,34,47,https://www.hunt-analyser.com/hunt_sessions/51253|https://www.hunt-analyser.com/hunt_sessions/51253|https://www.hunt-analyser.com/hunt_sessions/51253|https://www.hunt-analyser.com/hunt_sessions/51253|https://www.hunt-analyser.com/hunt_sessions/51253
Plaguesmith,28,30,30,48,https://www.hunt-analyser.com/hunt_sessions/52736|https://www.hunt-analyser.com/hunt_sessions/52736|https://www.hunt-analyser.com/hunt_sessions/52736|https://www.hunt-analyser.com/hunt_sessions/52736|https://www.hunt-analyser.com/hunt_sessions/52736
Gozzler,28,48,30,48,https://www.hunt-analyser.com/hunt_sessions/52736|https://www.hunt-analyser.com/hunt_sessions/52736|https://www.hunt-analyser.com/hunt_sessions/52736|https://www.hunt-analyser.com/hunt_sessions/52736|https://www.hunt-analyser.com/hunt_sessions/52736
Death Blob,27,11,11,123,https://www.hunt-analyser.com/hunt_sessions/53124|https://www.hunt-analyser.com/hunt_sessions/53124|https://www.hunt-analyser.com/hunt_sessions/53124|https://www.hunt-analyser.com/hunt_sessions/53124|https://www.hunt-analyser.com/hunt_sessions/53124
Stone Golem,27,14,14,52,https://www.hunt-analyser.com/hunt_sessions/51512|https://www.hunt-analyser.com/hunt_sessions/51512|https://www.hunt-analyser.com/hunt_sessions/51512|https://www.hunt-analyser.com/hunt_sessions/51512|https://www.hunt-analyser.com/hunt_sessions/51512
Bat,27,19,19,279,https://www.hunt-analyser.com/hunt_sessions/53399|https://www.hunt-analyser.com/hunt_sessions/53399|https://www.hunt-analyser.com/hunt_sessions/53399|https://www.hunt-analyser.com/hunt_sessions/53399|https://www.hunt-analyser.com/hunt_sessions/53399
Rustheap Golem,27,30,30,30,https://www.hunt-analyser.com/hunt_sessions/53639|https://www.hunt-analyser.com/hunt_sessions/53639|https://www.hunt-analyser.com/hunt_sessions/53639|https://www.hunt-analyser.com/hunt_sessions/53639|https://www.hunt-analyser.com/hunt_sessions/53639
Glooth Golem,27,30,30,30,https://www.hunt-analyser.com/hunt_sessions/53639|https://www.hunt-analyser.com/hunt_sessions/53639|https://www.hunt-analyser.com/hunt_sessions/53639|https://www.hunt-analyser.com/hunt_sessions/53639|https://www.hunt-analyser.com/hunt_sessions/53639
Massive Fire Elemental,27,47,47,138,https://www.hunt-analyser.com/hunt_sessions/53711|https://www.hunt-analyser.com/hunt_sessions/53711|https://www.hunt-analyser.com/hunt_sessions/53711|https://www.hunt-analyser.com/hunt_sessions/53711|https://www.hunt-analyser.com/hunt_sessions/53711
Clay Guardian,27,52,52,72,https://www.hunt-analyser.com/hunt_sessions/51555|https://www.hunt-analyser.com/hunt_sessions/51555|https://www.hunt-analyser.com/hunt_sessions/51555|https://www.hunt-analyser.com/hunt_sessions/51555|https://www.hunt-analyser.com/hunt_sessions/51555
Omnivora,27,52,52,72,https://www.hunt-analyser.com/hunt_sessions/51555|https://www.hunt-analyser.com/hunt_sessions/51555|https://www.hunt-analyser.com/hunt_sessions/51555|https://www.hunt-analyser.com/hunt_sessions/51555|https://www.hunt-analyser.com/hunt_sessions/51555
Hyaena,26,106,106,279,https://www.hunt-analyser.com/hunt_sessions/50187|https://www.hunt-analyser.com/hunt_sessions/50187|https://www.hunt-analyser.com/hunt_sessions/50187|https://www.hunt-analyser.com/hunt_sessions/50187|https://www.hunt-analyser.com/hunt_sessions/50187
Vexclaw,26,216,216,226,https://www.hunt-analyser.com/hunt_sessions/49641|https://www.hunt-analyser.com/hunt_sessions/49641|https://www.hunt-analyser.com/hunt_sessions/49641|https://www.hunt-analyser.com/hunt_sessions/49641|https://www.hunt-analyser.com/hunt_sessions/49641
Grimeleech,26,226,216,226,https://www.hunt-analyser.com/hunt_sessions/49641|https://www.hunt-analyser.com/hunt_sessions/49641|https://www.hunt-analyser.com/hunt_sessions/49641|https://www.hunt-analyser.com/hunt_sessions/49641|https://www.hunt-analyser.com/hunt_sessions/49641
Hellflayer,26,226,216,226,https://www.hunt-analyser.com/hunt_sessions/49641|https://www.hunt-analyser.com/hunt_sessions/49641|https://www.hunt-analyser.com/hunt_sessions/49641|https://www.hunt-analyser.com/hunt_sessions/49641|https://www.hunt-analyser.com/hunt_sessions/49641
Fire Elemental,26,95,81,95,https://www.hunt-analyser.com/hunt_sessions/50901|https://www.hunt-analyser.com/hunt_sessions/50901|https://www.hunt-analyser.com/hunt_sessions/50901|https://www.hunt-analyser.com/hunt_sessions/50901|https://www.hunt-analyser.com/hunt_sessions/50901
Sight of Surrender,26,114,111,114,https://www.hunt-analyser.com/hunt_sessions/51398|https://www.hunt-analyser.com/hunt_sessions/51398|https://www.hunt-analyser.com/hunt_sessions/51398|https://www.hunt-analyser.com/hunt_sessions/51398|https://www.hunt-analyser.com/hunt_sessions/51398
Water Elemental,14,6,6,6,https://www.hunt-analyser.com/hunt_sessions/52773|https://www.hunt-analyser.com/hunt_sessions/52773|https://www.hunt-analyser.com/hunt_sessions/52773|https://www.hunt-analyser.com/hunt_sessions/52773|https://www.hunt-analyser.com/hunt_sessions/52773
Bog Raider,14,11,11,11,https://www.hunt-analyser.com/hunt_sessions/53124|https://www.hunt-analyser.com/hunt_sessions/53124|https://www.hunt-analyser.com/hunt_sessions/53124|https://www.hunt-analyser.com/hunt_sessions/53124|https://www.hunt-analyser.com/hunt_sessions/53124
Mutated Tiger,14,11,11,11,https://www.hunt-analyser.com/hunt_sessions/53124|https://www.hunt-analyser.com/hunt_sessions/53124|https://www.hunt-analyser.com/hunt_sessions/53124|https://www.hunt-analyser.com/hunt_sessions/53124|https://www.hunt-analyser.com/hunt_sessions/53124
Acid Blob,14,11,11,11,https://www.hunt-analyser.com/hunt_sessions/53124|https://www.hunt-analyser.com/hunt_sessions/53124|https://www.hunt-analyser.com/hunt_sessions/53124|https://www.hunt-analyser.com/hunt_sessions/53124|https://www.hunt-analyser.com/hunt_sessions/53124
Hero,14,14,14,14,https://www.hunt-analyser.com/hunt_sessions/51512|https://www.hunt-analyser.com/hunt_sessions/51512|https://www.hunt-analyser.com/hunt_sessions/51512|https://www.hunt-analyser.com/hunt_sessions/51512|https://www.hunt-analyser.com/hunt_sessions/51512
Dwarf Henchman,14,14,14,14,https://www.hunt-analyser.com/hunt_sessions/51512|https://www.hunt-analyser.com/hunt_sessions/51512|https://www.hunt-analyser.com/hunt_sessions/51512|https://www.hunt-analyser.com/hunt_sessions/51512|https://www.hunt-analyser.com/hunt_sessions/51512
Lich,14,14,14,14,https://www.hunt-analyser.com/hunt_sessions/51512|https://www.hunt-analyser.com/hunt_sessions/51512|https://www.hunt-analyser.com/hunt_sessions/51512|https://www.hunt-analyser.com/hunt_sessions/51512|https://www.hunt-analyser.com/hunt_sessions/51512
Mechanical Fighter,14,14,14,14,https://www.hunt-analyser.com/hunt_sessions/51512|https://www.hunt-analyser.com/hunt_sessions/51512|https://www.hunt-analyser.com/hunt_sessions/51512|https://www.hunt-analyser.com/hunt_sessions/51512|https://www.hunt-analyser.com/hunt_sessions/51512
Rat,14,14,14,14,https://www.hunt-analyser.com/hunt_sessions/51512|https://www.hunt-analyser.com/hunt_sessions/51512|https://www.hunt-analyser.com/hunt_sessions/51512|https://www.hunt-analyser.com/hunt_sessions/51512|https://www.hunt-analyser.com/hunt_sessions/51512
Mad Technomancer,14,14,14,14,https://www.hunt-analyser.com/hunt_sessions/51512|https://www.hunt-analyser.com/hunt_sessions/51512|https://www.hunt-analyser.com/hunt_sessions/51512|https://www.hunt-analyser.com/hunt_sessions/51512|https://www.hunt-analyser.com/hunt_sessions/51512
Dark Faun,14,24,24,24,https://www.hunt-analyser.com/hunt_sessions/52356|https://www.hunt-analyser.com/hunt_sessions/52356|https://www.hunt-analyser.com/hunt_sessions/52356|https://www.hunt-analyser.com/hunt_sessions/52356|https://www.hunt-analyser.com/hunt_sessions/52356
Twisted Pooka,14,24,24,24,https://www.hunt-analyser.com/hunt_sessions/52356|https://www.hunt-analyser.com/hunt_sessions/52356|https://www.hunt-analyser.com/hunt_sessions/52356|https://www.hunt-analyser.com/hunt_sessions/52356|https://www.hunt-analyser.com/hunt_sessions/52356
Boogy,14,24,24,24,https://www.hunt-analyser.com/hunt_sessions/52356|https://www.hunt-analyser.com/hunt_sessions/52356|https://www.hunt-analyser.com/hunt_sessions/52356|https://www.hunt-analyser.com/hunt_sessions/52356|https://www.hunt-analyser.com/hunt_sessions/52356
Werewolf,14,38,38,38,https://www.hunt-analyser.com/hunt_sessions/50358|https://www.hunt-analyser.com/hunt_sessions/50358|https://www.hunt-analyser.com/hunt_sessions/50358|https://www.hunt-analyser.com/hunt_sessions/50358|https://www.hunt-analyser.com/hunt_sessions/50358
Lost Thrower,14,34,34,34,https://www.hunt-analyser.com/hunt_sessions/51253|https://www.hunt-analyser.com/hunt_sessions/51253|https://www.hunt-analyser.com/hunt_sessions/51253|https://www.hunt-analyser.com/hunt_sessions/51253|https://www.hunt-analyser.com/hunt_sessions/51253
Lost Basher,14,34,34,34,https://www.hunt-analyser.com/hunt_sessions/51253|https://www.hunt-analyser.com/hunt_sessions/51253|https://www.hunt-analyser.com/hunt_sessions/51253|https://www.hunt-analyser.com/hunt_sessions/51253|https://www.hunt-analyser.com/hunt_sessions/51253
Lost Husher,14,34,34,34,https://www.hunt-analyser.com/hunt_sessions/51253|https://www.hunt-analyser.com/hunt_sessions/51253|https://www.hunt-analyser.com/hunt_sessions/51253|https://www.hunt-analyser.com/hunt_sessions/51253|https://www.hunt-analyser.com/hunt_sessions/51253
Wyrm,14,34,34,34,https://www.hunt-analyser.com/hunt_sessions/51253|https://www.hunt-analyser.com/hunt_sessions/51253|https://www.hunt-analyser.com/hunt_sessions/51253|https://www.hunt-analyser.com/hunt_sessions/51253|https://www.hunt-analyser.com/hunt_sessions/51253
Drillworm,14,34,34,34,https://www.hunt-analyser.com/hunt_sessions/51253|https://www.hunt-analyser.com/hunt_sessions/51253|https://www.hunt-analyser.com/hunt_sessions/51253|https://www.hunt-analyser.com/hunt_sessions/51253|https://www.hunt-analyser.com/hunt_sessions/51253
Enslaved Dwarf,14,34,34,34,https://www.hunt-analyser.com/hunt_sessions/51253|https://www.hunt-analyser.com/hunt_sessions/51253|https://www.hunt-analyser.com/hunt_sessions/51253|https://www.hunt-analyser.com/hunt_sessions/51253|https://www.hunt-analyser.com/hunt_sessions/51253
Lion Hydra,14,49,49,49,https://www.hunt-analyser.com/hunt_sessions/52064|https://www.hunt-analyser.com/hunt_sessions/52064|https://www.hunt-analyser.com/hunt_sessions/52064|https://www.hunt-analyser.com/hunt_sessions/52064|https://www.hunt-analyser.com/hunt_sessions/52064
Bluebeak,14,49,49,49,https://www.hunt-analyser.com/hunt_sessions/52064|https://www.hunt-analyser.com/hunt_sessions/52064|https://www.hunt-analyser.com/hunt_sessions/52064|https://www.hunt-analyser.com/hunt_sessions/52064|https://www.hunt-analyser.com/hunt_sessions/52064
Cyclops Drone,14,39,39,39,https://www.hunt-analyser.com/hunt_sessions/52082|https://www.hunt-analyser.com/hunt_sessions/52082|https://www.hunt-analyser.com/hunt_sessions/52082|https://www.hunt-analyser.com/hunt_sessions/52082|https://www.hunt-analyser.com/hunt_sessions/52082
Cyclops Smith,14,39,39,39,https://www.hunt-analyser.com/hunt_sessions/52082|https://www.hunt-analyser.com/hunt_sessions/52082|https://www.hunt-analyser.com/hunt_sessions/52082|https://www.hunt-analyser.com/hunt_sessions/52082|https://www.hunt-analyser.com/hunt_sessions/52082
Dwarf Soldier,14,39,39,39,https://www.hunt-analyser.com/hunt_sessions/52082|https://www.hunt-analyser.com/hunt_sessions/52082|https://www.hunt-analyser.com/hunt_sessions/52082|https://www.hunt-analyser.com/hunt_sessions/52082|https://www.hunt-analyser.com/hunt_sessions/52082
Cyclops,14,39,39,39,https://www.hunt-analyser.com/hunt_sessions/52082|https://www.hunt-analyser.com/hunt_sessions/52082|https://www.hunt-analyser.com/hunt_sessions/52082|https://www.hunt-analyser.com/hunt_sessions/52082|https://www.hunt-analyser.com/hunt_sessions/52082
Dragon,14,39,39,39,https://www.hunt-analyser.com/hunt_sessions/52082|https://www.hunt-analyser.com/hunt_sessions/52082|https://www.hunt-analyser.com/hunt_sessions/52082|https://www.hunt-analyser.com/hunt_sessions/52082|https://www.hunt-analyser.com/hunt_sessions/52082
Young Sea Serpent,14,16,16,16,https://www.hunt-analyser.com/hunt_sessions/53327|https://www.hunt-analyser.com/hunt_sessions/53327|https://www.hunt-analyser.com/hunt_sessions/53327|https://www.hunt-analyser.com/hunt_sessions/53327|https://www.hunt-analyser.com/hunt_sessions/53327
Sea Serpent,14,16,16,16,https://www.hunt-analyser.com/hunt_sessions/53327|https://www.hunt-analyser.com/hunt_sessions/53327|https://www.hunt-analyser.com/hunt_sessions/53327|https://www.hunt-analyser.com/hunt_sessions/53327|https://www.hunt-analyser.com/hunt_sessions/53327
Bloodback,14,39,39,39,https://www.hunt-analyser.com/hunt_sessions/53352|https://www.hunt-analyser.com/hunt_sessions/53352|https://www.hunt-analyser.com/hunt_sessions/53352|https://www.hunt-analyser.com/hunt_sessions/53352|https://www.hunt-analyser.com/hunt_sessions/53352
Stonerefiner,14,19,19,19,https://www.hunt-analyser.com/hunt_sessions/53399|https://www.hunt-analyser.com/hunt_sessions/53399|https://www.hunt-analyser.com/hunt_sessions/53399|https://www.hunt-analyser.com/hunt_sessions/53399|https://www.hunt-analyser.com/hunt_sessions/53399
Corym Charlatan,14,19,19,19,https://www.hunt-analyser.com/hunt_sessions/53399|https://www.hunt-analyser.com/hunt_sessions/53399|https://www.hunt-analyser.com/hunt_sessions/53399|https://www.hunt-analyser.com/hunt_sessions/53399|https://www.hunt-analyser.com/hunt_sessions/53399
Marsh Stalker,14,19,19,19,https://www.hunt-analyser.com/hunt_sessions/53399|https://www.hunt-analyser.com/hunt_sessions/53399|https://www.hunt-analyser.com/hunt_sessions/53399|https://www.hunt-analyser.com/hunt_sessions/53399|https://www.hunt-analyser.com/hunt_sessions/53399
Feverish Citizen,14,19,19,19,https://www.hunt-analyser.com/hunt_sessions/53399|https://www.hunt-analyser.com/hunt_sessions/53399|https://www.hunt-analyser.com/hunt_sessions/53399|https://www.hunt-analyser.com/hunt_sessions/53399|https://www.hunt-analyser.com/hunt_sessions/53399
Corym Skirmisher,14,19,19,19,https://www.hunt-analyser.com/hunt_sessions/53399|https://www.hunt-analyser.com/hunt_sessions/53399|https://www.hunt-analyser.com/hunt_sessions/53399|https://www.hunt-analyser.com/hunt_sessions/53399|https://www.hunt-analyser.com/hunt_sessions/53399
Swampling,14,19,19,19,https://www.hunt-analyser.com/hunt_sessions/53399|https://www.hunt-analyser.com/hunt_sessions/53399|https://www.hunt-analyser.com/hunt_sessions/53399|https://www.hunt-analyser.com/hunt_sessions/53399|https://www.hunt-analyser.com/hunt_sessions/53399
Yirkas Blue Scales,14,47,47,47,https://www.hunt-analyser.com/hunt_sessions/51711|https://www.hunt-analyser.com/hunt_sessions/51711|https://www.hunt-analyser.com/hunt_sessions/51711|https://www.hunt-analyser.com/hunt_sessions/51711|https://www.hunt-analyser.com/hunt_sessions/51711
Norcferatu Heartless,13,93,93,93,https://www.hunt-analyser.com/hunt_sessions/57092|https://www.hunt-analyser.com/hunt_sessions/57092|https://www.hunt-analyser.com/hunt_sessions/57092|https://www.hunt-analyser.com/hunt_sessions/57092|https://www.hunt-analyser.com/hunt_sessions/57092
Norcferatu Nightweaver,13,93,93,93,https://www.hunt-analyser.com/hunt_sessions/57092|https://www.hunt-analyser.com/hunt_sessions/57092|https://www.hunt-analyser.com/hunt_sessions/57092|https://www.hunt-analyser.com/hunt_sessions/57092|https://www.hunt-analyser.com/hunt_sessions/57092
Varg,13,93,93,93,https://www.hunt-analyser.com/hunt_sessions/57092|https://www.hunt-analyser.com/hunt_sessions/57092|https://www.hunt-analyser.com/hunt_sessions/57092|https://www.hunt-analyser.com/hunt_sessions/57092|https://www.hunt-analyser.com/hunt_sessions/57092
Orclops Bloodbreaker,13,93,93,93,https://www.hunt-analyser.com/hunt_sessions/57092|https://www.hunt-analyser.com/hunt_sessions/57092|https://www.hunt-analyser.com/hunt_sessions/57092|https://www.hunt-analyser.com/hunt_sessions/57092|https://www.hunt-analyser.com/hunt_sessions/57092
Gloom Maw,13,93,93,93,https://www.hunt-analyser.com/hunt_sessions/57092|https://www.hunt-analyser.com/hunt_sessions/57092|https://www.hunt-analyser.com/hunt_sessions/57092|https://www.hunt-analyser.com/hunt_sessions/57092|https://www.hunt-analyser.com/hunt_sessions/57092
Dworc Shadowstalker,13,93,93,93,https://www.hunt-analyser.com/hunt_sessions/57092|https://www.hunt-analyser.com/hunt_sessions/57092|https://www.hunt-analyser.com/hunt_sessions/57092|https://www.hunt-analyser.com/hunt_sessions/57092|https://www.hunt-analyser.com/hunt_sessions/57092
Crocodile,13,67,67,67,https://www.hunt-analyser.com/hunt_sessions/50699|https://www.hunt-analyser.com/hunt_sessions/50699|https://www.hunt-analyser.com/hunt_sessions/50699|https://www.hunt-analyser.com/hunt_sessions/50699|https://www.hunt-analyser.com/hunt_sessions/50699
Dark Apprentice,13,138,138,138,https://www.hunt-analyser.com/hunt_sessions/48650|https://www.hunt-analyser.com/hunt_sessions/48650|https://www.hunt-analyser.com/hunt_sessions/48650|https://www.hunt-analyser.com/hunt_sessions/48650|https://www.hunt-analyser.com/hunt_sessions/48650
Dark Magician,13,138,138,138,https://www.hunt-analyser.com/hunt_sessions/48650|https://www.hunt-analyser.com/hunt_sessions/48650|https://www.hunt-analyser.com/hunt_sessions/48650|https://www.hunt-analyser.com/hunt_sessions/48650|https://www.hunt-analyser.com/hunt_sessions/48650
Cobra Assassin,13,121,121,121,https://www.hunt-analyser.com/hunt_sessions/49294|https://www.hunt-analyser.com/hunt_sessions/49294|https://www.hunt-analyser.com/hunt_sessions/49294|https://www.hunt-analyser.com/hunt_sessions/49294|https://www.hunt-analyser.com/hunt_sessions/49294
Cobra Scout,13,121,121,121,https://www.hunt-analyser.com/hunt_sessions/49294|https://www.hunt-analyser.com/hunt_sessions/49294|https://www.hunt-analyser.com/hunt_sessions/49294|https://www.hunt-analyser.com/hunt_sessions/49294|https://www.hunt-analyser.com/hunt_sessions/49294
Cobra Vizier,13,121,121,121,https://www.hunt-analyser.com/hunt_sessions/49294|https://www.hunt-analyser.com/hunt_sessions/49294|https://www.hunt-analyser.com/hunt_sessions/49294|https://www.hunt-analyser.com/hunt_sessions/49294|https://www.hunt-analyser.com/hunt_sessions/49294
Metal Gargoyle,13,123,123,123,https://www.hunt-analyser.com/hunt_sessions/50923|https://www.hunt-analyser.com/hunt_sessions/50923|https://www.hunt-analyser.com/hunt_sessions/50923|https://www.hunt-analyser.com/hunt_sessions/50923|https://www.hunt-analyser.com/hunt_sessions/50923
Walker,13,123,123,123,https://www.hunt-analyser.com/hunt_sessions/50923|https://www.hunt-analyser.com/hunt_sessions/50923|https://www.hunt-analyser.com/hunt_sessions/50923|https://www.hunt-analyser.com/hunt_sessions/50923|https://www.hunt-analyser.com/hunt_sessions/50923
Shock Head,13,117,117,117,https://www.hunt-analyser.com/hunt_sessions/49879|https://www.hunt-analyser.com/hunt_sessions/49879|https://www.hunt-analyser.com/hunt_sessions/49879|https://www.hunt-analyser.com/hunt_sessions/49879|https://www.hunt-analyser.com/hunt_sessions/49879
Gargoyle,13,52,52,52,https://www.hunt-analyser.com/hunt_sessions/51555|https://www.hunt-analyser.com/hunt_sessions/51555|https://www.hunt-analyser.com/hunt_sessions/51555|https://www.hunt-analyser.com/hunt_sessions/51555|https://www.hunt-analyser.com/hunt_sessions/51555
Souleater,13,279,279,279,https://www.hunt-analyser.com/hunt_sessions/49066|https://www.hunt-analyser.com/hunt_sessions/49066|https://www.hunt-analyser.com/hunt_sessions/49066|https://www.hunt-analyser.com/hunt_sessions/49066|https://www.hunt-analyser.com/hunt_sessions/49066
Eternal Guardian,13,279,279,279,https://www.hunt-analyser.com/hunt_sessions/49066|https://www.hunt-analyser.com/hunt_sessions/49066|https://www.hunt-analyser.com/hunt_sessions/49066|https://www.hunt-analyser.com/hunt_sessions/49066|https://www.hunt-analyser.com/hunt_sessions/49066
Hydra,13,279,279,279,https://www.hunt-analyser.com/hunt_sessions/49066|https://www.hunt-analyser.com/hunt_sessions/49066|https://www.hunt-analyser.com/hunt_sessions/49066|https://www.hunt-analyser.com/hunt_sessions/49066|https://www.hunt-analyser.com/hunt_sessions/49066
Terrified Elephant,13,279,279,279,https://www.hunt-analyser.com/hunt_sessions/49066|https://www.hunt-analyser.com/hunt_sessions/49066|https://www.hunt-analyser.com/hunt_sessions/49066|https://www.hunt-analyser.com/hunt_sessions/49066|https://www.hunt-analyser.com/hunt_sessions/49066
Scarab,13,279,279,279,https://www.hunt-analyser.com/hunt_sessions/49066|https://www.hunt-analyser.com/hunt_sessions/49066|https://www.hunt-analyser.com/hunt_sessions/49066|https://www.hunt-analyser.com/hunt_sessions/49066|https://www.hunt-analyser.com/hunt_sessions/49066
Ancient Scarab,13,279,279,279,https://www.hunt-analyser.com/hunt_sessions/49066|https://www.hunt-analyser.com/hunt_sessions/49066|https://www.hunt-analyser.com/hunt_sessions/49066|https://www.hunt-analyser.com/hunt_sessions/49066|https://www.hunt-analyser.com/hunt_sessions/49066
Larva,13,279,279,279,https://www.hunt-analyser.com/hunt_sessions/49066|https://www.hunt-analyser.com/hunt_sessions/49066|https://www.hunt-analyser.com/hunt_sessions/49066|https://www.hunt-analyser.com/hunt_sessions/49066|https://www.hunt-analyser.com/hunt_sessions/49066
Bear,13,279,279,279,https://www.hunt-analyser.com/hunt_sessions/49066|https://www.hunt-analyser.com/hunt_sessions/49066|https://www.hunt-analyser.com/hunt_sessions/49066|https://www.hunt-analyser.com/hunt_sessions/49066|https://www.hunt-analyser.com/hunt_sessions/49066
Frost Troll,13,279,279,279,https://www.hunt-analyser.com/hunt_sessions/49066|https://www.hunt-analyser.com/hunt_sessions/49066|https://www.hunt-analyser.com/hunt_sessions/49066|https://www.hunt-analyser.com/hunt_sessions/49066|https://www.hunt-analyser.com/hunt_sessions/49066
Centipede,13,279,279,279,https://www.hunt-analyser.com/hunt_sessions/49066|https://www.hunt-analyser.com/hunt_sessions/49066|https://www.hunt-analyser.com/hunt_sessions/49066|https://www.hunt-analyser.com/hunt_sessions/49066|https://www.hunt-analyser.com/hunt_sessions/49066
Scorpion,13,279,279,279,https://www.hunt-analyser.com/hunt_sessions/49066|https://www.hunt-analyser.com/hunt_sessions/49066|https://www.hunt-analyser.com/hunt_sessions/49066|https://www.hunt-analyser.com/hunt_sessions/49066|https://www.hunt-analyser.com/hunt_sessions/49066
The Noxious Spawn,13,279,279,279,https://www.hunt-analyser.com/hunt_sessions/49066|https://www.hunt-analyser.com/hunt_sessions/49066|https://www.hunt-analyser.com/hunt_sessions/49066|https://www.hunt-analyser.com/hunt_sessions/49066|https://www.hunt-analyser.com/hunt_sessions/49066
Gorgo,13,279,279,279,https://www.hunt-analyser.com/hunt_sessions/49066|https://www.hunt-analyser.com/hunt_sessions/49066|https://www.hunt-analyser.com/hunt_sessions/49066|https://www.hunt-analyser.com/hunt_sessions/49066|https://www.hunt-analyser.com/hunt_sessions/49066
Brachiodemon,7,1290,1290,1290,https://www.hunt-analyser.com/hunt_sessions/57553|https://www.hunt-analyser.com/hunt_sessions/57553|https://www.hunt-analyser.com/hunt_sessions/57553|https://www.hunt-analyser.com/hunt_sessions/57553|https://www.hunt-analyser.com/hunt_sessions/57553
Infernal Demon,7,1290,1290,1290,https://www.hunt-analyser.com/hunt_sessions/57553|https://www.hunt-analyser.com/hunt_sessions/57553|https://www.hunt-analyser.com/hunt_sessions/57553|https://www.hunt-analyser.com/hunt_sessions/57553|https://www.hunt-analyser.com/hunt_sessions/57553
Infernal Phantom,7,1290,1290,1290,https://www.hunt-analyser.com/hunt_sessions/57553|https://www.hunt-analyser.com/hunt_sessions/57553|https://www.hunt-analyser.com/hunt_sessions/57553|https://www.hunt-analyser.com/hunt_sessions/57553|https://www.hunt-analyser.com/hunt_sessions/57553
