spawn,norm,kind,source,lo,hi,n,date,url,cluster,cluster_members
True asuras,asura true,computed,sesje+kille (nasz model),857873,857873,8,2026-09-21,,Asura (Mirror),Asura (Mirror)|Asura Mirror|Asura Palace|Asuras/Falcons|True asuras
North Roshamuul (South - SOLO RP),roshamuul,computed,sesje+kille (nasz model),617954,617954,1,2026-09-21,,North Roshamuul (South - SOLO RP),North Roshamuul (South - SOLO RP)|Roshamuul|Roshamuul DP|Roshamuul Prison|Roshamuul West|Upper Roshamuul|West Roshamuul (SOLO RP)
Roshamuul DP,roshamuul,computed,sesje+kille (nasz model),595557,595557,3,2026-09-21,,North Roshamuul (South - SOLO RP),North Roshamuul (South - SOLO RP)|Roshamuul|Roshamuul DP|Roshamuul Prison|Roshamuul West|Upper Roshamuul|West Roshamuul (SOLO RP)
West Roshamuul (SOLO RP),roshamuul,computed,sesje+kille (nasz model),497115,497115,1,2026-09-21,,North Roshamuul (South - SOLO RP),North Roshamuul (South - SOLO RP)|Roshamuul|Roshamuul DP|Roshamuul Prison|Roshamuul West|Upper Roshamuul|West Roshamuul (SOLO RP)
Upper Roshamuul,roshamuul,computed,sesje+kille (nasz model),483114,483114,1,2026-09-21,,North Roshamuul (South - SOLO RP),North Roshamuul (South - SOLO RP)|Roshamuul|Roshamuul DP|Roshamuul Prison|Roshamuul West|Upper Roshamuul|West Roshamuul (SOLO RP)
💀 Choking Fear – Bounty Hunt (Upper Roshamuul North),choking fear,computed,sesje+kille (nasz model),472500,472500,1,2026-09-21,,💀 Choking Fear – Bounty Hunt (Upper Roshamuul North),💀 Choking Fear – Bounty Hunt (Upper Roshamuul North)
Quaras Podzilla,podzilla quara,computed,sesje+kille (nasz model),466868,466868,3,2026-09-21,,Podzilla Quaras,Podzilla Quaras|Quara (bestiary)|Quaras Podzilla|Teste 1 Quara Podizilla|Teste 2 Quara Podizilla
Caminho de Ferumbras,caminho ferumbra,computed,sesje+kille (nasz model),466544,466544,1,2026-09-21,,Caminho de Ferumbras,Caminho de Ferumbras
Feru way,feru way,computed,sesje+kille (nasz model),466111,466111,1,2026-09-21,,Feru way,Feru way
❄️ Iceplume Strider – Bounty Hunt,iceplume strider,computed,sesje+kille (nasz model),442871,442871,1,2026-09-21,,❄️ Iceplume Strider – Bounty Hunt,❄️ Iceplume Strider – Bounty Hunt|❄️ Iceplume Strider – Test Hunt
Roshamuul West,roshamuul,computed,sesje+kille (nasz model),436503,436503,2,2026-09-21,,North Roshamuul (South - SOLO RP),North Roshamuul (South - SOLO RP)|Roshamuul|Roshamuul DP|Roshamuul Prison|Roshamuul West|Upper Roshamuul|West Roshamuul (SOLO RP)
❄️ Iceplume Strider – Test Hunt,iceplume strider,computed,sesje+kille (nasz model),410556,410556,1,2026-09-21,,❄️ Iceplume Strider – Bounty Hunt,❄️ Iceplume Strider – Bounty Hunt|❄️ Iceplume Strider – Test Hunt
Podzilla Quaras,podzilla quara,computed,sesje+kille (nasz model),391152,391152,9,2026-09-21,,Podzilla Quaras,Podzilla Quaras|Quara (bestiary)|Quaras Podzilla|Teste 1 Quara Podizilla|Teste 2 Quara Podizilla
cobra bastion,bastion cobra,computed,sesje+kille (nasz model),318137,318137,1,2026-09-21,,Cobra Bastion,Cobra Bastion|cobra bastion
Teste 1 Quara Podizilla,podizilla quara,computed,sesje+kille (nasz model),309960,309960,1,2026-09-21,,Podzilla Quaras,Podzilla Quaras|Quara (bestiary)|Quaras Podzilla|Teste 1 Quara Podizilla|Teste 2 Quara Podizilla
Teste 2 Quara Podizilla,podizilla quara,computed,sesje+kille (nasz model),309192,309192,1,2026-09-21,,Podzilla Quaras,Podzilla Quaras|Quara (bestiary)|Quaras Podzilla|Teste 1 Quara Podizilla|Teste 2 Quara Podizilla
Quara (bestiary),quara,computed,sesje+kille (nasz model),278775,278775,1,2026-09-21,,Podzilla Quaras,Podzilla Quaras|Quara (bestiary)|Quaras Podzilla|Teste 1 Quara Podizilla|Teste 2 Quara Podizilla
Weretiger -2,weretiger,computed,sesje+kille (nasz model),271939,271939,1,2026-09-21,,Weretiger -2,Weretiger -2|Weretigers -1|Weretigers -2
Norc Castle,castle norc,computed,sesje+kille (nasz model),261808,261808,1,2026-09-21,,Norc Castle,Norc Castle
Asura Mirror,asura mirror,computed,sesje+kille (nasz model),251418,251418,2,2026-09-21,,Asura (Mirror),Asura (Mirror)|Asura Mirror|Asura Palace|Asuras/Falcons|True asuras
Banuta -4,banuta,computed,sesje+kille (nasz model),251119,251119,1,2026-09-21,,Banuta,Banuta|Banuta -4
Ripper Spectre,ripper spectre,computed,sesje+kille (nasz model),237861,237861,5,2026-09-21,,Ripper Spectre,Ripper Spectre
Weretigers -1,weretiger,computed,sesje+kille (nasz model),212941,212941,1,2026-09-21,,Weretiger -2,Weretiger -2|Weretigers -1|Weretigers -2
Werelion -1,werelion,computed,sesje+kille (nasz model),184331,184331,1,2026-09-21,,Werelion -1,Werelion -1|Werelion -1 (post nerf)|Werelions -1|werelions
Duo burried cathedral,burried cathedral,computed,sesje+kille (nasz model),180768,180768,1,2026-09-21,,Duo burried cathedral,Duo burried cathedral
demons goroma 30m,30m demon goroma,computed,sesje+kille (nasz model),180705,180705,1,2026-09-21,,Demon Goroma,Demon Goroma|demons goroma 30m
Weretigers -2,weretiger,computed,sesje+kille (nasz model),175947,175947,1,2026-09-21,,Weretiger -2,Weretiger -2|Weretigers -1|Weretigers -2
Medusa Tower,medusa tower,computed,sesje+kille (nasz model),163773,163773,1,2026-09-21,,Medusa Tower,Medusa Tower
Asura (Mirror),asura,computed,sesje+kille (nasz model),160076,160076,1,2026-09-21,,Asura (Mirror),Asura (Mirror)|Asura Mirror|Asura Palace|Asuras/Falcons|True asuras
Gazer Spectres,gazer spectre,computed,sesje+kille (nasz model),157338,157338,1,2026-09-21,,GAZER SPECTRE +21% DMG BOUNTY,GAZER SPECTRE +21% DMG BOUNTY|Gazer Spectre|Gazer Spectres
Werelions -1,werelion,computed,sesje+kille (nasz model),154560,154560,2,2026-09-21,,Werelion -1,Werelion -1|Werelion -1 (post nerf)|Werelions -1|werelions
Crumbling Caverns,cavern crumbling,computed,sesje+kille (nasz model),153242,153242,2,2026-09-21,,Crumbling Caverns,Crumbling Caverns
"Duo buried -2 ED, EK",buried,computed,sesje+kille (nasz model),150518,150518,1,2026-09-21,,"Duo buried -2 ED, EK","Duo buried -2 ED, EK"
GAZER SPECTRE +21% DMG BOUNTY,gazer spectre,computed,sesje+kille (nasz model),146919,146919,1,2026-09-21,,GAZER SPECTRE +21% DMG BOUNTY,GAZER SPECTRE +21% DMG BOUNTY|Gazer Spectre|Gazer Spectres
Gazer Spectre,gazer spectre,computed,sesje+kille (nasz model),137339,137339,1,2026-09-21,,GAZER SPECTRE +21% DMG BOUNTY,GAZER SPECTRE +21% DMG BOUNTY|Gazer Spectre|Gazer Spectres
Werelion -1 (post nerf),werelion,computed,sesje+kille (nasz model),137074,137074,1,2026-09-21,,Werelion -1,Werelion -1|Werelion -1 (post nerf)|Werelions -1|werelions
Demon Goroma,demon goroma,computed,sesje+kille (nasz model),133987,133987,1,2026-09-21,,Demon Goroma,Demon Goroma|demons goroma 30m
Burster Spectres,burster spectre,computed,sesje+kille (nasz model),121460,121460,3,2026-09-21,,Burster Spectre,Burster Spectre|Burster Spectres
gazer sceptre,gazer sceptre,computed,sesje+kille (nasz model),107301,107301,2,2026-09-21,,gazer sceptre,gazer sceptre
Werehyena MS 290+,werehyena,computed,sesje+kille (nasz model),105068,105068,1,2026-09-21,,Werehyena MS 290+,Werehyena MS 290+|Werehyenas
Crypt Warrior,crypt warrior,computed,sesje+kille (nasz model),100031,100031,2,2026-09-21,,Crypt Warrior,Crypt Warrior
BOOK WORLD,book world,computed,sesje+kille (nasz model),98552,98552,1,2026-09-21,,BOOK WORLD,BOOK WORLD
Gnomegate Lava Hot Spot,gnomegate hot lava spot,computed,sesje+kille (nasz model),97502,97502,1,2026-09-21,,Gnomegate Lava Hot Spot,Gnomegate Lava Hot Spot
Roshamuul,roshamuul,computed,sesje+kille (nasz model),96302,96302,1,2026-09-21,,North Roshamuul (South - SOLO RP),North Roshamuul (South - SOLO RP)|Roshamuul|Roshamuul DP|Roshamuul Prison|Roshamuul West|Upper Roshamuul|West Roshamuul (SOLO RP)
Burster Spectre,burster spectre,computed,sesje+kille (nasz model),94248,94248,1,2026-09-21,,Burster Spectre,Burster Spectre|Burster Spectres
40 min hyeans -2 south,hyean min,computed,sesje+kille (nasz model),92963,92963,1,2026-09-21,,40 min hyeans -2 south,40 min hyeans -2 south
Lower Spike,spike,computed,sesje+kille (nasz model),82326,82326,1,2026-09-21,,Lower Spike,Lower Spike
Lycanthrope Grounds (Edron),ground lycanthrope,computed,sesje+kille (nasz model),77803,77803,2,2026-09-21,,Lycanthrope Grounds (Edron),Lycanthrope Grounds (Edron)
Dark Fauns -2,dark faun,computed,sesje+kille (nasz model),66416,66416,1,2026-09-21,,Dark Fauns -2,Dark Fauns -2
Glooth Tower,glooth tower,computed,sesje+kille (nasz model),63143,63143,1,2026-09-21,,Glooth Tower,Glooth Tower
Grim reaper Yalahar,grim reaper yalahar,computed,sesje+kille (nasz model),53730,53730,1,2026-09-21,,Grim Reaper (Yalahar),Grim Reaper (Yalahar)|Grim Reaper Yalahar|Grim reaper Yalahar
Grim Reaper Yalahar,grim reaper yalahar,computed,sesje+kille (nasz model),53000,53000,1,2026-09-21,,Grim Reaper (Yalahar),Grim Reaper (Yalahar)|Grim Reaper Yalahar|Grim reaper Yalahar
demons Oramond 30 minutes,demon minute oramond,computed,sesje+kille (nasz model),51237,51237,1,2026-09-21,,demons Oramond 30 minutes,demons Oramond 30 minutes
Grim Reaper (Yalahar),grim reaper,computed,sesje+kille (nasz model),50533,50533,2,2026-09-21,,Grim Reaper (Yalahar),Grim Reaper (Yalahar)|Grim Reaper Yalahar|Grim reaper Yalahar
Behemoth (Cyclopolis),behemoth,computed,sesje+kille (nasz model),47684,47684,1,2026-09-21,,Behemoth (Cyclopolis),Behemoth (Cyclopolis)
werelions,werelion,computed,sesje+kille (nasz model),46342,46342,1,2026-09-21,,Werelion -1,Werelion -1|Werelion -1 (post nerf)|Werelions -1|werelions
Hellspawn (Yalahar),hellspawn,computed,sesje+kille (nasz model),45049,45049,2,2026-09-21,,Hellspawn (Yalahar),Hellspawn (Yalahar)
Werehayena hunt,werehayena,computed,sesje+kille (nasz model),38391,38391,1,2026-09-21,,Werehayena hunt,Werehayena hunt
buster spectre,buster spectre,computed,sesje+kille (nasz model),38115,38115,1,2026-09-21,,buster spectre,buster spectre
STONFIN 0908,stonfin,computed,sesje+kille (nasz model),33795,33795,1,2026-09-21,,STONFIN 0908,STONFIN 0908
Vampire Crypt (Edron),crypt vampire,computed,sesje+kille (nasz model),33772,33772,1,2026-09-21,,Edron Vampire Crypts,Edron Vampire Crypts|Vampire Crypt (Edron)
Sea serpent (Svargrond),sea serpent,computed,sesje+kille (nasz model),26995,26995,1,2026-09-21,,Sea serpent (Svargrond),Sea serpent (Svargrond)
Demons Edron,demon edron,computed,sesje+kille (nasz model),21394,21394,1,2026-09-21,,Demons Edron,Demons Edron
Glooth Plains - Surface,glooth plain surface,computed,sesje+kille (nasz model),18070,18070,1,2026-09-21,,Glooth Plains - Surface,Glooth Plains - Surface|Glooth Plains - Surface (Oramond)
Glooth Plains - Surface (Oramond),glooth plain surface,computed,sesje+kille (nasz model),17962,17962,1,2026-09-21,,Glooth Plains - Surface,Glooth Plains - Surface|Glooth Plains - Surface (Oramond)
Edron Vampire Crypts,crypt edron vampire,computed,sesje+kille (nasz model),17583,17583,1,2026-09-21,,Edron Vampire Crypts,Edron Vampire Crypts|Vampire Crypt (Edron)
Hero Fortres,fortre hero,computed,sesje+kille (nasz model),17039,17039,1,2026-09-21,,Hero Fortres,Hero Fortres
Cults Carlin,carlin cult,computed,sesje+kille (nasz model),13669,13669,1,2026-09-21,,Cults Carlin,Cults Carlin
Yalahar Bog Raiders Central,bog central raider yalahar,computed,sesje+kille (nasz model),12532,12532,1,2026-09-21,,Yalahar Bog Raiders Central,Yalahar Bog Raiders Central
Port Hope Spider Cave,cave hope port spider,computed,sesje+kille (nasz model),8922,8922,2,2026-09-21,,Port Hope Spider Cave,Port Hope Spider Cave
Port Hope Water Elementals (South),elemental hope port water,computed,sesje+kille (nasz model),6221,6221,1,2026-09-21,,Port Hope Water Elementals (South),Port Hope Water Elementals (South)
Liberty Bay Quara Grotto,bay grotto liberty quara,computed,sesje+kille (nasz model),5307,5307,1,2026-09-21,,Liberty Bay Quara Grotto,Liberty Bay Quara Grotto
Quaras Podzilla,podzilla quara,measured,mediana loot/h z sesji,2374711,2374711,3,2026-09-21,https://www.hunt-analyser.com/hunt_sessions/56517,Podzilla Quaras,Podzilla Quaras|Quara (bestiary)|Quaras Podzilla|Teste 1 Quara Podizilla|Teste 2 Quara Podizilla
Podzilla Quaras,podzilla quara,measured,mediana loot/h z sesji,2428654,2428654,9,2026-09-21,https://www.hunt-analyser.com/hunt_sessions/57404,Podzilla Quaras,Podzilla Quaras|Quara (bestiary)|Quaras Podzilla|Teste 1 Quara Podizilla|Teste 2 Quara Podizilla
Teste 1 Quara Podizilla,podizilla quara,measured,mediana loot/h z sesji,1467950,1467950,1,2026-09-21,https://www.hunt-analyser.com/hunt_sessions/56670,Podzilla Quaras,Podzilla Quaras|Quara (bestiary)|Quaras Podzilla|Teste 1 Quara Podizilla|Teste 2 Quara Podizilla
West Roshamuul (SOLO RP),roshamuul,measured,mediana loot/h z sesji,2425371,2425371,1,2026-09-21,https://www.hunt-analyser.com/hunt_sessions/55588,North Roshamuul (South - SOLO RP),North Roshamuul (South - SOLO RP)|Roshamuul|Roshamuul DP|Roshamuul Prison|Roshamuul West|Upper Roshamuul|West Roshamuul (SOLO RP)
North Roshamuul (South - SOLO RP),roshamuul,measured,mediana loot/h z sesji,5256546,5256546,1,2026-09-21,https://www.hunt-analyser.com/hunt_sessions/52190,North Roshamuul (South - SOLO RP),North Roshamuul (South - SOLO RP)|Roshamuul|Roshamuul DP|Roshamuul Prison|Roshamuul West|Upper Roshamuul|West Roshamuul (SOLO RP)
Asura Mirror,asura mirror,measured,mediana loot/h z sesji,1575462,1575462,1,2026-09-21,https://www.hunt-analyser.com/hunt_sessions/54069,Asura (Mirror),Asura (Mirror)|Asura Mirror|Asura Palace|Asuras/Falcons|True asuras
Upper Roshamuul,roshamuul,measured,mediana loot/h z sesji,2433468,2433468,1,2026-09-21,https://www.hunt-analyser.com/hunt_sessions/54405,North Roshamuul (South - SOLO RP),North Roshamuul (South - SOLO RP)|Roshamuul|Roshamuul DP|Roshamuul Prison|Roshamuul West|Upper Roshamuul|West Roshamuul (SOLO RP)
Teste 2 Quara Podizilla,podizilla quara,measured,mediana loot/h z sesji,1452054,1452054,1,2026-09-21,https://www.hunt-analyser.com/hunt_sessions/56710,Podzilla Quaras,Podzilla Quaras|Quara (bestiary)|Quaras Podzilla|Teste 1 Quara Podizilla|Teste 2 Quara Podizilla
Roshamuul DP,roshamuul,measured,mediana loot/h z sesji,2865829,2865829,3,2026-09-21,https://www.hunt-analyser.com/hunt_sessions/53422,North Roshamuul (South - SOLO RP),North Roshamuul (South - SOLO RP)|Roshamuul|Roshamuul DP|Roshamuul Prison|Roshamuul West|Upper Roshamuul|West Roshamuul (SOLO RP)
❄️ Iceplume Strider – Bounty Hunt,iceplume strider,measured,mediana loot/h z sesji,2532536,2532536,1,2026-09-21,https://www.hunt-analyser.com/hunt_sessions/56813,❄️ Iceplume Strider – Bounty Hunt,❄️ Iceplume Strider – Bounty Hunt|❄️ Iceplume Strider – Test Hunt
Weretiger -2,weretiger,measured,mediana loot/h z sesji,1437871,1437871,1,2026-09-21,https://www.hunt-analyser.com/hunt_sessions/52653,Weretiger -2,Weretiger -2|Weretigers -1|Weretigers -2
❄️ Iceplume Strider – Test Hunt,iceplume strider,measured,mediana loot/h z sesji,1699935,1699935,1,2026-09-21,https://www.hunt-analyser.com/hunt_sessions/56613,❄️ Iceplume Strider – Bounty Hunt,❄️ Iceplume Strider – Bounty Hunt|❄️ Iceplume Strider – Test Hunt
Crypt Warrior,crypt warrior,measured,mediana loot/h z sesji,572984,572984,2,2026-09-21,https://www.hunt-analyser.com/hunt_sessions/53845,Crypt Warrior,Crypt Warrior
Caminho de Ferumbras,caminho ferumbra,measured,mediana loot/h z sesji,2620800,2620800,1,2026-09-21,https://www.hunt-analyser.com/hunt_sessions/52228,Caminho de Ferumbras,Caminho de Ferumbras
Werelions -1,werelion,measured,mediana loot/h z sesji,1074876,1074876,2,2026-09-21,https://www.hunt-analyser.com/hunt_sessions/54319,Werelion -1,Werelion -1|Werelion -1 (post nerf)|Werelions -1|werelions
True asuras,asura true,measured,mediana loot/h z sesji,3983848,3983848,3,2026-09-21,https://www.hunt-analyser.com/hunt_sessions/55514,Asura (Mirror),Asura (Mirror)|Asura Mirror|Asura Palace|Asuras/Falcons|True asuras
GAZER SPECTRE +21% DMG BOUNTY,gazer spectre,measured,mediana loot/h z sesji,888391,888391,1,2026-09-21,https://www.hunt-analyser.com/hunt_sessions/53149,GAZER SPECTRE +21% DMG BOUNTY,GAZER SPECTRE +21% DMG BOUNTY|Gazer Spectre|Gazer Spectres
💀 Choking Fear – Bounty Hunt (Upper Roshamuul North),choking fear,measured,mediana loot/h z sesji,2414562,2414562,1,2026-09-21,https://www.hunt-analyser.com/hunt_sessions/57448,💀 Choking Fear – Bounty Hunt (Upper Roshamuul North),💀 Choking Fear – Bounty Hunt (Upper Roshamuul North)
Ripper Spectre,ripper spectre,measured,mediana loot/h z sesji,1565176,1565176,2,2026-09-21,https://www.hunt-analyser.com/hunt_sessions/52068,Ripper Spectre,Ripper Spectre
Weretigers -1,weretiger,measured,mediana loot/h z sesji,1331313,1331313,1,2026-09-21,https://www.hunt-analyser.com/hunt_sessions/52720,Weretiger -2,Weretiger -2|Weretigers -1|Weretigers -2
Burster Spectres,burster spectre,measured,mediana loot/h z sesji,805934,805934,1,2026-09-21,https://www.hunt-analyser.com/hunt_sessions/53031,Burster Spectre,Burster Spectre|Burster Spectres
Norc Castle,castle norc,measured,mediana loot/h z sesji,1327660,1327660,1,2026-09-21,https://www.hunt-analyser.com/hunt_sessions/57092,Norc Castle,Norc Castle
Grim Reaper (Yalahar),grim reaper,measured,mediana loot/h z sesji,285174,285174,2,2026-09-21,https://www.hunt-analyser.com/hunt_sessions/53745,Grim Reaper (Yalahar),Grim Reaper (Yalahar)|Grim Reaper Yalahar|Grim reaper Yalahar
BOOK WORLD,book world,measured,mediana loot/h z sesji,594240,594240,1,2026-09-21,https://www.hunt-analyser.com/hunt_sessions/52064,BOOK WORLD,BOOK WORLD
Asura (Mirror),asura,measured,mediana loot/h z sesji,776212,776212,1,2026-09-21,https://www.hunt-analyser.com/hunt_sessions/52884,Asura (Mirror),Asura (Mirror)|Asura Mirror|Asura Palace|Asuras/Falcons|True asuras
Burster Spectre,burster spectre,measured,mediana loot/h z sesji,446932,446932,1,2026-09-21,https://www.hunt-analyser.com/hunt_sessions/53617,Burster Spectre,Burster Spectre|Burster Spectres
Glooth Tower,glooth tower,measured,mediana loot/h z sesji,1026130,1026130,1,2026-09-21,https://www.hunt-analyser.com/hunt_sessions/53639,Glooth Tower,Glooth Tower
Lycanthrope Grounds (Edron),ground lycanthrope,measured,mediana loot/h z sesji,477892,477892,1,2026-09-21,https://www.hunt-analyser.com/hunt_sessions/53352,Lycanthrope Grounds (Edron),Lycanthrope Grounds (Edron)
Gnomegate Lava Hot Spot,gnomegate hot lava spot,measured,mediana loot/h z sesji,585235,585235,1,2026-09-21,https://www.hunt-analyser.com/hunt_sessions/53711,Gnomegate Lava Hot Spot,Gnomegate Lava Hot Spot
Glooth Plains - Surface (Oramond),glooth plain surface,measured,mediana loot/h z sesji,306191,306191,1,2026-09-21,https://www.hunt-analyser.com/hunt_sessions/53434,Glooth Plains - Surface,Glooth Plains - Surface|Glooth Plains - Surface (Oramond)
Dark Fauns -2,dark faun,measured,mediana loot/h z sesji,399498,399498,1,2026-09-21,https://www.hunt-analyser.com/hunt_sessions/52356,Dark Fauns -2,Dark Fauns -2
Cults Carlin,carlin cult,measured,mediana loot/h z sesji,70037,70037,1,2026-09-21,https://www.hunt-analyser.com/hunt_sessions/53070,Cults Carlin,Cults Carlin
Sea serpent (Svargrond),sea serpent,measured,mediana loot/h z sesji,163787,163787,1,2026-09-21,https://www.hunt-analyser.com/hunt_sessions/53327,Sea serpent (Svargrond),Sea serpent (Svargrond)
Hellspawn (Yalahar),hellspawn,measured,mediana loot/h z sesji,235279,235279,2,2026-09-21,https://www.hunt-analyser.com/hunt_sessions/52736,Hellspawn (Yalahar),Hellspawn (Yalahar)
Werehayena hunt,werehayena,measured,mediana loot/h z sesji,231784,231784,1,2026-09-21,https://www.hunt-analyser.com/hunt_sessions/53077,Werehayena hunt,Werehayena hunt
Vampire Crypt (Edron),crypt vampire,measured,mediana loot/h z sesji,394573,394573,1,2026-09-21,https://www.hunt-analyser.com/hunt_sessions/52059,Edron Vampire Crypts,Edron Vampire Crypts|Vampire Crypt (Edron)
Behemoth (Cyclopolis),behemoth,measured,mediana loot/h z sesji,287960,287960,1,2026-09-21,https://www.hunt-analyser.com/hunt_sessions/52082,Behemoth (Cyclopolis),Behemoth (Cyclopolis)
Yalahar Bog Raiders Central,bog central raider yalahar,measured,mediana loot/h z sesji,75424,75424,1,2026-09-21,https://www.hunt-analyser.com/hunt_sessions/53124,Yalahar Bog Raiders Central,Yalahar Bog Raiders Central
STONFIN 0908,stonfin,measured,mediana loot/h z sesji,207196,207196,1,2026-09-21,https://www.hunt-analyser.com/hunt_sessions/53399,STONFIN 0908,STONFIN 0908
Port Hope Spider Cave,cave hope port spider,measured,mediana loot/h z sesji,57963,57963,2,2026-09-21,https://www.hunt-analyser.com/hunt_sessions/52667,Port Hope Spider Cave,Port Hope Spider Cave
Port Hope Water Elementals (South),elemental hope port water,measured,mediana loot/h z sesji,39651,39651,1,2026-09-21,https://www.hunt-analyser.com/hunt_sessions/52773,Port Hope Water Elementals (South),Port Hope Water Elementals (South)
Liberty Bay Quara Grotto,bay grotto liberty quara,measured,mediana loot/h z sesji,66622,66622,1,2026-09-21,https://www.hunt-analyser.com/hunt_sessions/52823,Liberty Bay Quara Grotto,Liberty Bay Quara Grotto
Edron Vampire Crypts,crypt edron vampire,measured,mediana loot/h z sesji,62528,62528,1,2026-09-21,https://www.hunt-analyser.com/hunt_sessions/52560,Edron Vampire Crypts,Edron Vampire Crypts|Vampire Crypt (Edron)
Roothings -2 x4 Hunt,roothing x4,measured,mediana loot/h z sesji,4214107,4214107,1,2026-09-21,https://www.hunt-analyser.com/hunt_sessions/53032,Roothings -2 x4 Hunt,Roothings -2 x4 Hunt
Werehyenas,werehyena,guide,MMOKB (2026-07-24),200000,400000,,2026-07-24,,Werehyena MS 290+,Werehyena MS 290+|Werehyenas
Gazer Spectres,gazer spectre,guide,MMOKB (2026-07-24),100000,200000,,2026-07-24,,GAZER SPECTRE +21% DMG BOUNTY,GAZER SPECTRE +21% DMG BOUNTY|Gazer Spectre|Gazer Spectres
Cults Yalahar,cult yalahar,guide,TibiaPal hunting (2026),350000,350000,,2026,,Cults Yalahar,Cults Yalahar|Yalahar Cults
Glooth Bandits,bandit glooth,guide,MMOKB+TibiaVault (2026-07-24),200000,700000,,2026-07-24,,Glooth Bandits,Glooth Bandits
Lizard City,city lizard,guide,TibiaVault (2026-03),100000,250000,,2026-03,,Lizard City,Lizard City
Edron Werecreatures,edron werecreature,guide,TibiaVault (2026-03),200000,500000,,2026-03,,Edron Werecreatures,Edron Werecreatures
Edron Werecreatures,edron werecreature,guide,TibiaVault (2026-03),200000,500000,,2026-03,,Edron Werecreatures,Edron Werecreatures
Asura Palace,asura palace,guide,TibiaVault (2026-03),200000,600000,,2026-03,,Asura (Mirror),Asura (Mirror)|Asura Mirror|Asura Palace|Asuras/Falcons|True asuras
Asura Palace,asura palace,guide,TibiaVault (2026-03),200000,600000,,2026-03,,Asura (Mirror),Asura (Mirror)|Asura Mirror|Asura Palace|Asuras/Falcons|True asuras
Banuta,banuta,guide,TibiaVault (2026-03),100000,300000,,2026-03,,Banuta,Banuta|Banuta -4
Oramond Minos,mino oramond,guide,TibiaVault (2026-03),500000,1500000,,2026-03,,Oramond Minos,Oramond Minos
Roshamuul Prison,prison roshamuul,guide,MMOKB (2026-07-24),500000,1000000,,2026-07-24,,North Roshamuul (South - SOLO RP),North Roshamuul (South - SOLO RP)|Roshamuul|Roshamuul DP|Roshamuul Prison|Roshamuul West|Upper Roshamuul|West Roshamuul (SOLO RP)
Cobra Bastion,bastion cobra,guide,MMOKB (2026-07-24),500000,800000,,2026-07-24,,Cobra Bastion,Cobra Bastion|cobra bastion
Summer Court,court summer,guide,reddit r/TibiaMMO (2026),400000,600000,,2026,,Summer Court,Summer Court|Summer/Winter Court
Nagas,naga,guide,reddit r/TibiaMMO (2026),300000,300000,,2026,,Nagas,Nagas
Burster Spectres,burster spectre,guide,MMOKB (2026-07-24),200000,300000,,2026-07-24,,Burster Spectre,Burster Spectre|Burster Spectres
Lava Lurkers,lava lurker,guide,MMOKB (2026-07-24),0,0,,2026-07-24,,Lava Lurkers,Lava Lurkers|Ravenous Lava Lurkers
Ravenous Lava Lurkers,lava lurker ravenou,guide,TibiaBuddy mage (2026-04-24),-250000,-200000,,2026-04-24,,Lava Lurkers,Lava Lurkers|Ravenous Lava Lurkers
Yalahar Cults,cult yalahar,guide,TibiaBuddy mage (2026-04-24),500000,500000,,2026-04-24,,Cults Yalahar,Cults Yalahar|Yalahar Cults
Edron Hero Cave,cave edron hero,guide,TibiaVault (2026-03),50000,120000,,2026-03,,Edron Hero Cave,Edron Hero Cave
Ghastly Dragons,dragon ghastly,guide,TibiaVault (2026-03),150000,350000,,2026-03,,Ghastly Dragons,Ghastly Dragons
Draken Walls,draken wall,guide,TibiaVault (2026-03),200000,500000,,2026-03,,Draken Walls,Draken Walls
Nightmare Isles,isle nightmare,guide,TibiaVault (2026-03),100000,300000,,2026-03,,Nightmare Isles,Nightmare Isles
Summer/Winter Court,court summer winter,guide,TibiaVault (2026-03),150000,400000,,2026-03,,Summer Court,Summer Court|Summer/Winter Court
Carnivoras,carnivora,guide,TibiaVault (2026-03),200000,600000,,2026-03,,Carnivoras,Carnivoras
Edron Werecreatures,edron werecreature,guide,TibiaVault (2026-03),200000,500000,,2026-03,,Edron Werecreatures,Edron Werecreatures
Werehyaenas,werehyaena,guide,TibiaVault (2026-03),80000,200000,,2026-03,,Werehyaenas,Werehyaenas
Iksupan,iksupan,community,gracze (link),150000,450000,,2026,https://www.reddit.com/r/TibiaMMO/comments/1q6kp8l/iksupan_50_ed_top_1_spot_new_servers_farm_tc_like/,Iksupan,Iksupan
Iksupan,iksupan,community,gracze (link),150000,300000,,2026,https://www.reddit.com/r/TibiaMMO/comments/1q9uw3u/tibia_52_druid_iksupan_600_800_k_raw_xp_h_150_300/,Iksupan,Iksupan
Mutated Tigers Alchemy,alchemy mutated tiger,community,gracze (link),148000,148000,,2026,https://www.reddit.com/r/TibiaMMO/comments/1utdzii/new_player_mana_usage_guidance_and_other_things/,Mutated Tigers Alchemy,Mutated Tigers Alchemy
Edron Heroes -2-3,edron heroe,community,gracze (link),150000,150000,,2026,https://www.reddit.com/r/TibiaMMO/comments/1u5h0eg/drefia_wyrms_lower_floor_edron_heroes_23_other/,Edron Heroes -2-3,Edron Heroes -2-3
Drefia Wyrms,drefia wyrm,community,gracze (link),20000,20000,,2026,https://www.reddit.com/r/TibiaMMO/comments/1u5h0eg/drefia_wyrms_lower_floor_edron_heroes_23_other/,Drefia Wyrms,Drefia Wyrms
Nagas,naga,community,gracze (link),300000,300000,,2026,https://www.reddit.com/r/TibiaMMO/comments/1w4737b/51kk_raw_xph_on_344_ed_nagas_are_insane_300k/,Nagas,Nagas
Summer Court,court summer,community,gracze (link),400000,600000,,2026,https://www.reddit.com/r/TibiaMMO/comments/1vg3nd4/is_summer_court_the_best_hunt_for_315_ed_45kk_raw/,Summer Court,Summer Court|Summer/Winter Court
Asuras/Falcons,asura falcon,community,gracze (link),600000,600000,,2026,https://www.reddit.com/r/TibiaMMO/comments/1qiul6a/853rp_where_and_how_to_hunt/,Asura (Mirror),Asura (Mirror)|Asura Mirror|Asura Palace|Asuras/Falcons|True asuras
