spawn,n_hunts,median_xp_h,max_xp_h,median_profit_h,max_profit_h,n_full_loot,min_lvl_seen,max_lvl_seen,sample_url
Quaras Podzilla,3,31351750,33741467,2374711,2531636,3,1086,1086,https://www.hunt-analyser.com/hunt_sessions/56517
Podzilla Quaras,22,26772453,31228334,2313296,2662738,22,845,933,https://www.hunt-analyser.com/hunt_sessions/58828
Teste 1 Quara Podizilla,1,22430557,22430557,1467950,1467950,1,957,957,https://www.hunt-analyser.com/hunt_sessions/56670
West Roshamuul (SOLO RP),1,21647152,21647152,2425371,2425371,1,932,932,https://www.hunt-analyser.com/hunt_sessions/55588
Asura Mirror,1,15911736,15911736,1575462,1575462,1,682,682,https://www.hunt-analyser.com/hunt_sessions/54069
Upper Roshamuul,1,15255424,15255424,2433468,2433468,1,793,793,https://www.hunt-analyser.com/hunt_sessions/54405
🔥 Asura Citadel Hunt,1,13930530,13930530,2406143,2406143,1,921,921,https://www.hunt-analyser.com/hunt_sessions/57477
Crypt Warrior,1,13899284,13899284,464720,464720,0,,,https://www.hunt-analyser.com/hunt_sessions/53845
Teste 2 Quara Podizilla,1,13784361,13784361,1452054,1452054,1,958,958,https://www.hunt-analyser.com/hunt_sessions/56710
❄️ Iceplume Strider – Bounty Hunt,1,13409448,13409448,2532536,2532536,1,918,918,https://www.hunt-analyser.com/hunt_sessions/56813
❄️ Iceplume Strider – Test Hunt,1,12872277,12872277,1699935,1699935,1,916,916,https://www.hunt-analyser.com/hunt_sessions/56613
Werelions -1,2,10650648,17464616,1074876,1642660,1,683,683,https://www.hunt-analyser.com/hunt_sessions/54319
True asuras,3,10428196,10431679,3983848,4002418,3,774,780,https://www.hunt-analyser.com/hunt_sessions/55514
💀 Choking Fear – Bounty Hunt (Upper Roshamuul North),1,9131898,9131898,2414562,2414562,1,921,921,https://www.hunt-analyser.com/hunt_sessions/57448
Claustrophobic Inferno,1,9079366,9079366,6732930,6732930,1,945,945,https://www.hunt-analyser.com/hunt_sessions/57553
Grim Reaper (Yalahar),1,7256749,7256749,273241,273241,1,279,279,https://www.hunt-analyser.com/hunt_sessions/53745
Norc Castle,1,6899568,6899568,1327660,1327660,1,80,80,https://www.hunt-analyser.com/hunt_sessions/57092
Roshamuul Shock Heads,1,6340345,6340345,1340670,1340670,1,590,590,https://www.hunt-analyser.com/hunt_sessions/58439
Burster Spectre Darashia,1,5805000,5805000,753696,753696,1,364,364,https://www.hunt-analyser.com/hunt_sessions/58736
Grim Reaper - Yalahar,1,5364683,5364683,227971,227971,1,233,233,https://www.hunt-analyser.com/hunt_sessions/58641
Ripper Spectre Solo MS +650,1,4551026,4551026,1037744,1037744,1,655,655,https://www.hunt-analyser.com/hunt_sessions/58956
Gazer Spectres,1,4001812,4001812,910091,910091,1,451,451,https://www.hunt-analyser.com/hunt_sessions/58141
Burster Spectre,1,3677400,3677400,446932,446932,1,575,575,https://www.hunt-analyser.com/hunt_sessions/53617
Medusa tower,1,3469917,3469917,913643,913643,1,266,266,https://www.hunt-analyser.com/hunt_sessions/57588
Glooth Tower,1,3387175,3387175,1026130,1026130,1,270,270,https://www.hunt-analyser.com/hunt_sessions/53639
Ora West,1,3006177,3006177,165626,165626,1,160,160,https://www.hunt-analyser.com/hunt_sessions/58874
Draken Walls North Solo EK,1,2961368,2961368,606530,606530,1,247,247,https://www.hunt-analyser.com/hunt_sessions/58896
Pirats,1,2934329,2934329,753608,753608,1,229,229,https://www.hunt-analyser.com/hunt_sessions/58448
Banuta -6,1,2503625,2503625,540205,540205,1,214,214,https://www.hunt-analyser.com/hunt_sessions/58875
Gnomegate Lava Hot Spot,1,2131941,2131941,585235,585235,1,276,276,https://www.hunt-analyser.com/hunt_sessions/53711
Ravenous Lava Lurker #1,1,1887918,1887918,0,0,1,176,176,https://www.hunt-analyser.com/hunt_sessions/55180
Exotic cave,1,1553550,1553550,341116,341116,1,130,130,https://www.hunt-analyser.com/hunt_sessions/58278
